District,WorkOrderNum,DeviationName,CorrectionTime,Category,DeviationStatus,DateOfDeviation,SubCategory,Designation,IsPenalty,ServiceAffecting,Month,DeviationShort
JEDDAH,2521001669,ALL REQUIRED WORKER UNIFORM AND SAFETY ITEMS ARE PRESENT?,48,Installation,Correction accepted by supervisor,2026-03-11 02:21:49.867,Safety,SAFETY,N,NO,2026-03,Worker PPE/uniform items missing
JEDDAH,2521001669,HAVE ALL STC SAFETY MEASUREMENTS BEEN FOLLOWED?,0,Installation,Correction accepted by supervisor,2026-03-11 02:21:50.673,Safety,SAFETY,Y,NO,2026-03,STC safety measures not followed
JEDDAH,2521001669,ALL HANDHOLES / MANHOLES ARE INSTALLED AS PER STC REQUIREMENTS?,72,Installation,Correction accepted by supervisor,2026-03-11 02:47:06.923,Hand hole/Manhole,CIVIL,Y,NO,2026-03,HH/MH not as per STC requirements
JEDDAH,2521001669,IS THE TRENCH ROUTE STRAIGHT?,72,Trenching/bore,Correction accepted by supervisor,2026-03-11 02:47:11.167,CIVIL,CIVIL,N,NO,2026-03,Trench route not straight
JEDDAH,2521001669,NUMBER OF SIGNBOARDS AVAILABLE IN THE SITE ARE SUFFICIENT?,72,Installation,Correction accepted by supervisor,2026-03-11 02:47:15.113,Safety,CIVIL,N,NO,2026-03,Insufficient site signboards
JEDDAH,2521001669,IS THE TRENCH SEGMENT BACKFILLED WITH INSPECTOR APPROVAL?,0,Trenching/bore,Correction accepted by supervisor,2026-03-15 13:01:48.053,CIVIL,CIVIL,Y,NO,2026-03,IS THE TRENCH SEGMENT BACKFILLED WITH INSPECTOR APPROVAL?
JEDDAH,2521001669,NO DEBRIS IS REMAINING ON THE SITE?,48,Installation,Correction accepted by supervisor,2026-03-15 13:01:50.300,CIVIL,CIVIL,Y,NO,2026-03,No debris remaining on site
JEDDAH,2521001669,ALL HANDHOLES / MANHOLES ARE INSTALLED AS PER STC REQUIREMENTS?,72,Installation,Correction accepted by supervisor,2026-03-15 13:01:58.300,Hand hole/Manhole,CIVIL,Y,NO,2026-03,HH/MH not as per STC requirements
JEDDAH,2521001669,NUMBER OF SIGNBOARDS AVAILABLE IN THE SITE ARE SUFFICIENT?,72,Installation,Correction accepted by supervisor,2026-03-16 00:28:44.503,Safety,CIVIL,Y,NO,2026-03,Insufficient site signboards
JEDDAH,2521001669,NO DEBRIS IS REMAINING ON THE SITE?,48,Installation,Correction accepted by supervisor,2026-03-17 01:26:46.317,CIVIL,CIVIL,Y,NO,2026-03,No debris remaining on site
JEDDAH,2521001669,IS THE TRENCH ROUTE STRAIGHT?,72,Trenching/bore,Correction accepted by supervisor,2026-03-17 01:26:48.653,CIVIL,CIVIL,Y,NO,2026-03,Trench route not straight
JEDDAH,2521001669,THE TRENCH WIDTH IS AS PER DESIGN SPECIFICATIONS AND MEETS STC REQUIREMENTS?,72,Trenching/bore,Correction accepted by supervisor,2026-03-17 01:26:49.560,Standards,CIVIL,Y,NO,2026-03,THE TRENCH WIDTH IS AS PER DESIGN SPECIFICATIONS AND MEETS STC REQUIREMENTS?
JEDDAH,2521001669,THE TRENCH DEPTH IS AS PER DESIGN SPECIFICATIONS AND MEETS STC REQUIREMENTS?,72,Trenching/bore,Correction accepted by supervisor,2026-03-17 01:26:50.380,Standards,CIVIL,Y,YES,2026-03,THE TRENCH DEPTH IS AS PER DESIGN SPECIFICATIONS AND MEETS STC REQUIREMENTS?
JEDDAH,2521001669,THE CONDUITS ARE INSTALLED PER STC SPECIFICATIONS?,72,Installation,Correction accepted by supervisor,2026-03-17 01:26:53.083,Ducts,CIVIL,Y,NO,2026-03,THE CONDUITS ARE INSTALLED PER STC SPECIFICATIONS?
JEDDAH,2521001669,THE SPACERS ARE INSTALLED AS REQUIRED PER STC SPECIFICATIONS?,72,Installation,Correction accepted by supervisor,2026-03-17 01:26:54.453,Ducts,CIVIL,Y,NO,2026-03,THE SPACERS ARE INSTALLED AS REQUIRED PER STC SPECIFICATIONS?
JEDDAH,2521001669,HAVE ALL STC SAFETY MEASUREMENTS BEEN FOLLOWED?,0,Installation,Correction accepted by supervisor,2026-03-17 01:32:21.117,Safety,SAFETY,Y,NO,2026-03,STC safety measures not followed
JEDDAH,2521001669,PEDESTRIAN PASSES PLACED EVERY 100M IN FRONT OF CUSTOMER HOUSES AS REQUIRED,0,SAFETY,Correction accepted by supervisor,2026-03-25 09:44:26.450,INSTALLATION,SAFETY,Y,NO,2026-03,Pedestrian passes not placed every 100m
JEDDAH,2521001669,HAVE ALL STC SAFETY MEASUREMENTS BEEN FOLLOWED?,0,Installation,Correction accepted by supervisor,2026-03-25 09:44:28.867,Safety,SAFETY,Y,NO,2026-03,STC safety measures not followed
JEDDAH,2521001669,ALL REQUIRED WORKER UNIFORM AND SAFETY ITEMS ARE PRESENT?,48,Installation,Correction accepted by supervisor,2026-03-25 09:44:30.180,Safety,SAFETY,Y,NO,2026-03,Worker PPE/uniform items missing
JEDDAH,2521001669,MUNCIPALITY PERMIT IS AVIALABLE ON THE SIGNBOARD?,48,Installation,Correction accepted by supervisor,2026-03-25 09:44:39.760,Safety,CIVIL,Y,NO,2026-03,Municipality permit not on signboard
JEDDAH,2521001669,THE TRENCH DEPTH IS AS PER DESIGN SPECIFICATIONS AND MEETS STC REQUIREMENTS?,72,Trenching/bore,Correction accepted by supervisor,2026-03-25 09:44:46.070,Standards,CIVIL,Y,YES,2026-03,THE TRENCH DEPTH IS AS PER DESIGN SPECIFICATIONS AND MEETS STC REQUIREMENTS?
JEDDAH,2521001669,MARKING TAPE PLACED AS PER STC SPECIFICATIONS (WARNING TAPE)?,72,Installation,Correction accepted by supervisor,2026-03-25 09:44:49.423,Standards,CIVIL,Y,YES,2026-03,MARKING TAPE PLACED AS PER STC SPECIFICATIONS (WARNING TAPE)?
JEDDAH,2521001669,THE SPACERS ARE INSTALLED AS REQUIRED PER STC SPECIFICATIONS?,72,Installation,Correction accepted by supervisor,2026-03-25 09:44:52.163,Ducts,CIVIL,N,NO,2026-03,THE SPACERS ARE INSTALLED AS REQUIRED PER STC SPECIFICATIONS?
JEDDAH,2521001669,DETECTABLE EMS PLACED AS PER STC SPECIFICATION?,120,Installation,Correction accepted by supervisor,2026-03-25 09:45:06.030,Standards,Fiber,Y,YES,2026-03,DETECTABLE EMS PLACED AS PER STC SPECIFICATION?
JEDDAH,2521001669,WORKER NOT HOLDING STC ID BADGE,0,WORKER,Rejected deviation approved by supervisor,2026-03-26 08:51:59.790,WORKER REGISTERATION,CIVIL,N,NO,2026-03,Worker missing STC ID badge
JEDDAH,2521001669,UNREGISTERED WORKER,0,WORKER,Rejected deviation approved by supervisor,2026-03-26 08:52:00.093,WORKER REGISTERATION,CIVIL,N,NO,2026-03,Unregistered worker
JEDDAH,2521001669,NO DEBRIS IS REMAINING ON THE SITE?,48,Installation,Correction accepted by supervisor,2026-03-26 09:31:21.593,CIVIL,CIVIL,Y,NO,2026-03,No debris remaining on site
JEDDAH,2521001669,HAS THE TRENCH BEEN CLOSED WITHIN 24 HOURS OF OPENING?,72,Installation,Correction accepted by supervisor,2026-03-26 09:31:27.337,Safety,CIVIL,N,NO,2026-03,Trench not closed within 24 hours
JEDDAH,2521001669,HAVE ALL STC SAFETY MEASUREMENTS BEEN FOLLOWED?,0,Installation,Correction accepted by supervisor,2026-03-26 09:34:11.540,Safety,SAFETY,Y,NO,2026-03,STC safety measures not followed
JEDDAH,2521001669,WORKER NOT HOLDING STC ID BADGE,0,WORKER,Closed by HQ,2026-03-29 13:16:37.360,WORKER REGISTERATION,CIVIL,N,NO,2026-03,Worker missing STC ID badge
JEDDAH,2521001669,PEDESTRIAN PASSES PLACED EVERY 100M IN FRONT OF CUSTOMER HOUSES AS REQUIRED,0,SAFETY,Correction accepted by supervisor,2026-03-29 13:30:15.960,INSTALLATION,SAFETY,Y,NO,2026-03,Pedestrian passes not placed every 100m
JEDDAH,2521001669,HAVE ALL STC SAFETY MEASUREMENTS BEEN FOLLOWED?,0,Installation,Correction accepted by supervisor,2026-03-29 13:30:17.877,Safety,SAFETY,Y,NO,2026-03,STC safety measures not followed
JEDDAH,2521001669,THE CONDUITS ARE INSTALLED PER STC SPECIFICATIONS?,72,Installation,Correction accepted by supervisor,2026-03-29 15:59:29.320,Ducts,CIVIL,N,NO,2026-03,THE CONDUITS ARE INSTALLED PER STC SPECIFICATIONS?
JEDDAH,2521001669,NO DEBRIS IS REMAINING ON THE SITE?,48,Installation,Correction accepted by supervisor,2026-04-05 12:43:39.560,CIVIL,CIVIL,N,NO,2026-04,No debris remaining on site
JEDDAH,2521001669,THE SPACERS ARE INSTALLED AS REQUIRED PER STC SPECIFICATIONS?,72,Installation,Correction accepted by supervisor,2026-04-05 12:43:53.397,Ducts,CIVIL,N,NO,2026-04,THE SPACERS ARE INSTALLED AS REQUIRED PER STC SPECIFICATIONS?
JEDDAH,2521001669,HAVE ALL STC SAFETY MEASUREMENTS BEEN FOLLOWED?,0,Installation,Correction accepted by supervisor,2026-04-05 15:00:42.700,Safety,SAFETY,Y,NO,2026-04,STC safety measures not followed
JEDDAH,2521001669,WORKER NOT HOLDING STC ID BADGE,0,WORKER,Closed by HQ,2026-04-06 12:06:15.550,WORKER REGISTERATION,CIVIL,N,NO,2026-04,Worker missing STC ID badge
JEDDAH,2521001669,ALL HANDHOLES / MANHOLES ARE INSTALLED AS PER STC REQUIREMENTS?,72,Installation,Correction accepted by supervisor,2026-04-06 12:18:14.423,Hand hole/Manhole,CIVIL,N,NO,2026-04,HH/MH not as per STC requirements
JEDDAH,2521001669,HAVE ALL STC SAFETY MEASUREMENTS BEEN FOLLOWED?,0,Installation,Correction accepted by supervisor,2026-04-06 12:20:09.457,Safety,SAFETY,Y,NO,2026-04,STC safety measures not followed
JEDDAH,2521001669,ALL REQUIRED WORKER UNIFORM AND SAFETY ITEMS ARE PRESENT?,48,Installation,Correction accepted by supervisor,2026-04-06 12:21:30.487,Safety,SAFETY,Y,NO,2026-04,Worker PPE/uniform items missing
JEDDAH,2521001669,WORKER NOT HOLDING STC ID BADGE,0,WORKER,Closed by HQ,2026-04-07 11:36:52.493,WORKER REGISTERATION,CIVIL,N,NO,2026-04,Worker missing STC ID badge
JEDDAH,2521001669,HAVE ALL STC SAFETY MEASUREMENTS BEEN FOLLOWED?,0,Installation,Correction accepted by supervisor,2026-04-07 12:19:55.257,Safety,SAFETY,Y,NO,2026-04,STC safety measures not followed
JEDDAH,2521001669,MUNICIPALITY PERMITS ARE VALID AND RENEWED AS REQUIRED?,0,Trenching/bore,Rejected deviation approved by supervisor,2026-04-07 12:21:46.447,CIVIL,CIVIL,N,NO,2026-04,Municipality permits not valid/renewed
JEDDAH,2521001669,NO DEBRIS IS REMAINING ON THE SITE?,48,Installation,Correction accepted by supervisor,2026-04-07 12:22:01.830,CIVIL,CIVIL,N,NO,2026-04,No debris remaining on site
JEDDAH,2521001669,HAS THE TRENCH BEEN CLOSED WITHIN 24 HOURS OF OPENING?,72,Installation,Correction accepted by supervisor,2026-04-07 12:22:18.233,Safety,CIVIL,N,NO,2026-04,Trench not closed within 24 hours
JEDDAH,2521001669,"THE BACKFILL MATERIALS SAND, CONCRETE, SUB BASE MEET SPECS/STANDARDS?",72,Material,Correction accepted by supervisor,2026-04-07 12:22:25.163,Standards,CIVIL,N,YES,2026-04,"THE BACKFILL MATERIALS SAND, CONCRETE, SUB BASE MEET SPECS/STANDARDS?"
JEDDAH,2521001669,MARKING TAPE PLACED AS PER STC SPECIFICATIONS (WARNING TAPE)?,72,Installation,Correction accepted by supervisor,2026-04-07 12:22:30.827,Standards,CIVIL,N,YES,2026-04,MARKING TAPE PLACED AS PER STC SPECIFICATIONS (WARNING TAPE)?
JEDDAH,2521001669,THE CONDUITS ARE INSTALLED PER STC SPECIFICATIONS?,72,Installation,Correction accepted by supervisor,2026-04-07 12:22:36.440,Ducts,CIVIL,N,NO,2026-04,THE CONDUITS ARE INSTALLED PER STC SPECIFICATIONS?
JEDDAH,2521001669,HAVE ALL STC SAFETY MEASUREMENTS BEEN FOLLOWED?,0,Installation,Correction accepted by supervisor,2026-04-09 17:23:41.430,Safety,SAFETY,Y,NO,2026-04,STC safety measures not followed
JEDDAH,2521001669,MUNICIPALITY PERMITS ARE VALID AND RENEWED AS REQUIRED?,0,Trenching/bore,Rejected deviation approved by supervisor,2026-04-09 17:23:49.480,CIVIL,CIVIL,N,NO,2026-04,Municipality permits not valid/renewed
JEDDAH,2521001669,NUMBER OF SIGNBOARDS AVAILABLE IN THE SITE ARE SUFFICIENT?,72,Installation,Correction accepted by supervisor,2026-04-09 17:23:50.270,Safety,CIVIL,Y,NO,2026-04,Insufficient site signboards
JEDDAH,2521001669,PEDESTRIAN PASSES PLACED EVERY 100M IN FRONT OF CUSTOMER HOUSES AS REQUIRED,0,SAFETY,Correction accepted by supervisor,2026-04-12 12:00:01.877,INSTALLATION,SAFETY,Y,NO,2026-04,Pedestrian passes not placed every 100m
JEDDAH,2521001669,WORKER NOT HOLDING STC ID BADGE,0,WORKER,Closed by HQ,2026-04-13 12:40:43.773,WORKER REGISTERATION,CIVIL,N,NO,2026-04,Worker missing STC ID badge
JEDDAH,2521001669,HAVE ALL STC SAFETY MEASUREMENTS BEEN FOLLOWED?,0,Installation,Correction accepted by supervisor,2026-04-13 14:15:13.610,Safety,SAFETY,Y,NO,2026-04,STC safety measures not followed
JEDDAH,2521001669,PEDESTRIAN PASSES PLACED EVERY 100M IN FRONT OF CUSTOMER HOUSES AS REQUIRED,0,SAFETY,Correction accepted by supervisor,2026-04-15 13:09:44.960,INSTALLATION,SAFETY,Y,NO,2026-04,Pedestrian passes not placed every 100m
JEDDAH,2521001669,HAVE ALL STC SAFETY MEASUREMENTS BEEN FOLLOWED?,0,Installation,Correction accepted by supervisor,2026-04-15 13:09:46.857,Safety,SAFETY,Y,NO,2026-04,STC safety measures not followed
JEDDAH,2521001669,MUNICIPALITY PERMITS ARE VALID AND RENEWED AS REQUIRED?,0,Trenching/bore,Correction accepted by supervisor,2026-04-15 13:10:04.413,CIVIL,CIVIL,Y,NO,2026-04,Municipality permits not valid/renewed
JEDDAH,2521001669,NO DEBRIS IS REMAINING ON THE SITE?,48,Installation,Correction accepted by supervisor,2026-04-15 13:10:08.310,CIVIL,CIVIL,N,NO,2026-04,No debris remaining on site
JEDDAH,2521001669,NO DEBRIS IS REMAINING ON THE SITE?,48,Installation,Correction accepted by supervisor,2026-04-21 13:08:54.620,CIVIL,CIVIL,N,NO,2026-04,No debris remaining on site
JEDDAH,2521001669,HAVE ALL STC SAFETY MEASUREMENTS BEEN FOLLOWED?,0,Installation,Correction accepted by supervisor,2026-04-21 13:09:17.357,Safety,SAFETY,Y,NO,2026-04,STC safety measures not followed
JEDDAH,2521001669,IS THE TRENCH ROUTE STRAIGHT?,72,Trenching/bore,Correction accepted by supervisor,2026-04-22 13:46:51.497,CIVIL,CIVIL,N,NO,2026-04,Trench route not straight
JEDDAH,2521001669,THE TRENCH DEPTH IS AS PER DESIGN SPECIFICATIONS AND MEETS STC REQUIREMENTS?,72,Trenching/bore,Correction accepted by supervisor,2026-04-22 13:46:55.420,Standards,CIVIL,Y,YES,2026-04,THE TRENCH DEPTH IS AS PER DESIGN SPECIFICATIONS AND MEETS STC REQUIREMENTS?
JEDDAH,2521001669,HAVE ALL STC SAFETY MEASUREMENTS BEEN FOLLOWED?,0,Installation,Correction accepted by supervisor,2026-04-22 13:50:42.610,Safety,SAFETY,Y,NO,2026-04,STC safety measures not followed
JEDDAH,2521001669,ALL HANDHOLES / MANHOLES ARE INSTALLED AS PER STC REQUIREMENTS?,72,Installation,Correction accepted by supervisor,2026-04-27 08:38:51.683,Hand hole/Manhole,CIVIL,N,NO,2026-04,HH/MH not as per STC requirements
JEDDAH,2521001669,"ALL DAMAGE TO PROPERTY (TILES, CURBS, WALLS, ASPHALT) HAS BEEN REPAIRED TO ORIGINAL STATE OR AS PER CUSTOMER REQUEST AT WORK COMPLETION ?",72,Installation,Correction accepted by supervisor,2026-04-30 09:29:26.910,CIVIL,CIVIL,N,NO,2026-04,Property damage not restored
JEDDAH,2521001669,HAS REINSTATEMENT BEEN COMPLETED WITHIN 120 HOURS OF TRENCH COMPLETION (CONCRETE PLACEMENT)?,120,Installation,Correction accepted by supervisor,2026-04-30 09:29:37.577,CIVIL,CIVIL,Y,NO,2026-04,HAS REINSTATEMENT BEEN COMPLETED WITHIN 120 HOURS OF TRENCH COMPLETION (CONCRETE PLAC
JEDDAH,2521001669,ALL INSTALLED PROTECTIVE U-GUARDS MEET STC SPECIFICATIONS?,72,Installation,Correction accepted by supervisor,2026-04-30 09:30:40.920,Standards,Fiber,N,NO,2026-04,U-guards not meeting STC specs
JEDDAH,2521001669,ARE ALL TB / OSB / ODB HAVE BEEN PROPERLY INSTALLED?,72,Installation,Correction accepted by supervisor,2026-04-30 09:30:48.360,Cabinets,Fiber,N,YES,2026-04,ARE ALL TB / OSB / ODB HAVE BEEN PROPERLY INSTALLED?
JEDDAH,2521001669,NO DEBRIS IS REMAINING ON THE SITE?,48,Installation,Correction accepted by supervisor,2026-05-06 11:03:49.620,CIVIL,CIVIL,Y,NO,2026-05,No debris remaining on site
JEDDAH,2521001669,"ALL DAMAGE TO PROPERTY (TILES, CURBS, WALLS, ASPHALT) HAS BEEN REPAIRED TO ORIGINAL STATE OR AS PER CUSTOMER REQUEST AT WORK COMPLETION ?",72,Installation,Correction accepted by supervisor,2026-05-06 11:03:52.700,CIVIL,CIVIL,Y,NO,2026-05,Property damage not restored
JEDDAH,2521001669,ALL HANDHOLES / MANHOLES ARE INSTALLED AS PER STC REQUIREMENTS?,72,Installation,Correction accepted by supervisor,2026-05-06 11:04:05.757,Hand hole/Manhole,CIVIL,Y,NO,2026-05,HH/MH not as per STC requirements
JEDDAH,2521001669,THE INSIDES OF THE INSTALLED MANHOLES / HANDHOLES ARE CLEAN AND ORANGANIZED (EXISTING MANHOLES/HANDHOLES HAVE BEEN REPORTED TO OM)?,72,Installation,Correction accepted by supervisor,2026-05-11 09:30:36.120,Hand hole/Manhole,CIVIL,N,NO,2026-05,THE INSIDES OF THE INSTALLED MANHOLES / HANDHOLES ARE CLEAN AND ORANGANIZED (EXISTING
JEDDAH,2521001669,ALL VACANT DUCTS HAVE A PULL STRING AND THE PROPER DUCT SEALANT HAS BEEN APPLIED?,72,Installation,Correction accepted by supervisor,2026-05-11 09:30:38.770,Ducts,CIVIL,N,NO,2026-05,ALL VACANT DUCTS HAVE A PULL STRING AND THE PROPER DUCT SEALANT HAS BEEN APPLIED?
JEDDAH,2521001669,ARE THE CABLES ROUTED AND RACKED CORRECTLY IN EACH MANHOLE / HANDHOLE?,72,Installation,Correction accepted by supervisor,2026-05-11 09:31:28.213,Design Compliance,Fiber,N,NO,2026-05,ARE THE CABLES ROUTED AND RACKED CORRECTLY IN EACH MANHOLE / HANDHOLE?
JEDDAH,2521001669,HAS REINSTATEMENT BEEN COMPLETED WITHIN 120 HOURS OF TRENCH COMPLETION (CONCRETE PLACEMENT)?,120,Installation,Correction accepted by supervisor,2026-05-11 11:13:39.973,CIVIL,CIVIL,N,NO,2026-05,HAS REINSTATEMENT BEEN COMPLETED WITHIN 120 HOURS OF TRENCH COMPLETION (CONCRETE PLAC
JEDDAH,2521001669,ARE THE CABLES ROUTED AND RACKED CORRECTLY IN EACH MANHOLE / HANDHOLE?,72,Installation,Correction accepted by supervisor,2026-05-13 11:51:30.990,Design Compliance,Fiber,Y,NO,2026-05,ARE THE CABLES ROUTED AND RACKED CORRECTLY IN EACH MANHOLE / HANDHOLE?
JEDDAH,2521001663,UNCERTIFIED WORKER,0,WORKER,Closed by HQ,2026-01-14 09:56:54.610,WORKER REGISTERATION,CIVIL,N,NO,2026-01,Uncertified worker
JEDDAH,2521001663,WORKER NOT HOLDING STC ID BADGE,0,WORKER,Closed by HQ,2026-01-15 12:05:12.290,WORKER REGISTERATION,CIVIL,N,NO,2026-01,Worker missing STC ID badge
JEDDAH,2521001663,WORKER NOT HOLDING STC ID BADGE,0,WORKER,Closed by HQ,2026-01-15 12:06:12.100,WORKER REGISTERATION,CIVIL,N,NO,2026-01,Worker missing STC ID badge
JEDDAH,2521001663,WORKER NOT HOLDING STC ID BADGE,0,WORKER,Closed by HQ,2026-01-19 11:06:57.240,WORKER REGISTERATION,CIVIL,N,NO,2026-01,Worker missing STC ID badge
JEDDAH,2521001663,NO DEBRIS IS REMAINING ON THE SITE?,48,Installation,Correction accepted by supervisor,2026-01-19 11:57:10.260,CIVIL,CIVIL,N,NO,2026-01,No debris remaining on site
JEDDAH,2521001663,NO DEBRIS IS REMAINING ON THE SITE?,48,Installation,Correction accepted by supervisor,2026-01-21 15:09:39.800,CIVIL,CIVIL,Y,NO,2026-01,No debris remaining on site
JEDDAH,2521001663,THE TRENCH WIDTH IS AS PER DESIGN SPECIFICATIONS AND MEETS STC REQUIREMENTS?,72,Trenching/bore,Rejected deviation approved by Regional supervisor,2026-01-21 15:09:46.260,Standards,CIVIL,N,NO,2026-01,THE TRENCH WIDTH IS AS PER DESIGN SPECIFICATIONS AND MEETS STC REQUIREMENTS?
JEDDAH,2521001663,HAVE ALL STC SAFETY MEASUREMENTS BEEN FOLLOWED?,0,Installation,Correction accepted by supervisor,2026-01-22 10:48:24.063,Safety,SAFETY,Y,NO,2026-01,STC safety measures not followed
JEDDAH,2521001663,STAND ALONE POWER SOURCE,0,SAFETY,Correction accepted by supervisor,2026-01-22 10:48:32.260,INSTALLATION,SAFETY,Y,NO,2026-01,STAND ALONE POWER SOURCE
JEDDAH,2521001663,IS THE TRENCH ROUTE STRAIGHT?,72,Trenching/bore,Correction accepted by supervisor,2026-01-22 11:25:00.777,CIVIL,CIVIL,N,NO,2026-01,Trench route not straight
JEDDAH,2521001663,NO DEBRIS IS REMAINING ON THE SITE?,48,Installation,Rejected deviation approved by Regional supervisor,2026-01-22 11:25:12.863,CIVIL,CIVIL,N,NO,2026-01,No debris remaining on site
JEDDAH,2521001663,MUNICIPALITY PERMITS ARE VALID AND RENEWED AS REQUIRED?,0,Trenching/bore,Rejected deviation approved by supervisor,2026-01-22 11:35:56.307,CIVIL,CIVIL,N,NO,2026-01,Municipality permits not valid/renewed
JEDDAH,2521001663,UNCERTIFIED WORKER,0,WORKER,Closed by HQ,2026-01-25 14:14:45.000,WORKER REGISTERATION,CIVIL,N,NO,2026-01,Uncertified worker
JEDDAH,2521001663,HAVE ALL STC SAFETY MEASUREMENTS BEEN FOLLOWED?,0,Installation,Correction accepted by supervisor,2026-01-25 14:37:29.557,Safety,SAFETY,Y,NO,2026-01,STC safety measures not followed
JEDDAH,2521001663,WORKER NOT HOLDING STC ID BADGE,0,WORKER,Closed by HQ,2026-01-27 11:19:12.060,WORKER REGISTERATION,CIVIL,N,NO,2026-01,Worker missing STC ID badge
JEDDAH,2521001663,NO DEBRIS IS REMAINING ON THE SITE?,48,Installation,Correction accepted by supervisor,2026-01-27 11:42:40.450,CIVIL,CIVIL,N,NO,2026-01,No debris remaining on site
JEDDAH,2521001663,NO DEBRIS IS REMAINING ON THE SITE?,48,Installation,Rejected deviation approved by supervisor,2026-01-28 13:39:15.077,CIVIL,CIVIL,N,NO,2026-01,No debris remaining on site
JEDDAH,2521001663,IS THE TRENCH ROUTE STRAIGHT?,72,Trenching/bore,Correction accepted by supervisor,2026-01-28 13:39:20.503,CIVIL,CIVIL,Y,NO,2026-01,Trench route not straight
JEDDAH,2521001663,UNCERTIFIED WORKER,0,WORKER,Closed by HQ,2026-01-29 12:15:54.990,WORKER REGISTERATION,CIVIL,N,NO,2026-01,Uncertified worker
JEDDAH,2521001663,NO DEBRIS IS REMAINING ON THE SITE?,48,Installation,Correction accepted by supervisor,2026-01-29 12:30:13.760,CIVIL,CIVIL,N,NO,2026-01,No debris remaining on site
JEDDAH,2521001663,UNCERTIFIED WORKER,0,WORKER,Closed by HQ,2026-02-01 12:41:52.403,WORKER REGISTERATION,CIVIL,N,NO,2026-02,Uncertified worker
JEDDAH,2521001663,UNCERTIFIED WORKER,0,WORKER,Closed by HQ,2026-02-01 12:42:11.940,WORKER REGISTERATION,CIVIL,N,NO,2026-02,Uncertified worker
JEDDAH,2521001663,WORKER NOT HOLDING STC ID BADGE,0,WORKER,Closed by HQ,2026-02-02 11:48:55.857,WORKER REGISTERATION,CIVIL,N,NO,2026-02,Worker missing STC ID badge
JEDDAH,2521001663,UNCERTIFIED WORKER,0,WORKER,Closed by HQ,2026-02-02 11:49:48.093,WORKER REGISTERATION,CIVIL,N,NO,2026-02,Uncertified worker
JEDDAH,2521001663,MUNICIPALITY PERMITS ARE VALID AND RENEWED AS REQUIRED?,0,Trenching/bore,Rejected deviation approved by supervisor,2026-02-02 12:32:00.850,CIVIL,CIVIL,N,NO,2026-02,Municipality permits not valid/renewed
JEDDAH,2521001663,MUNCIPALITY PERMIT IS AVIALABLE ON THE SIGNBOARD?,48,Installation,Rejected deviation approved by supervisor,2026-02-02 12:32:02.000,Safety,CIVIL,N,NO,2026-02,Municipality permit not on signboard
JEDDAH,2521001663,MUNCIPALITY PERMIT IS AVIALABLE ON THE SIGNBOARD?,48,Installation,Rejected deviation approved by Regional supervisor,2026-02-04 11:46:43.093,Safety,CIVIL,N,NO,2026-02,Municipality permit not on signboard
JEDDAH,2521001663,HAS THE TRENCH BEEN CLOSED WITHIN 24 HOURS OF OPENING?,72,Installation,Correction accepted by supervisor,2026-02-04 12:07:37.737,Safety,CIVIL,Y,NO,2026-02,Trench not closed within 24 hours
JEDDAH,2521001663,PEDESTRIAN PASSES PLACED EVERY 100M IN FRONT OF CUSTOMER HOUSES AS REQUIRED,0,SAFETY,Correction accepted by supervisor,2026-02-08 11:35:26.090,INSTALLATION,SAFETY,Y,NO,2026-02,Pedestrian passes not placed every 100m
JEDDAH,2521001663,WORKER NOT HOLDING STC ID BADGE,0,WORKER,Closed by HQ,2026-02-09 12:50:19.423,WORKER REGISTERATION,CIVIL,N,NO,2026-02,Worker missing STC ID badge
JEDDAH,2521001663,NO DEBRIS IS REMAINING ON THE SITE?,48,Installation,Correction accepted by supervisor,2026-02-09 13:10:51.353,CIVIL,CIVIL,N,NO,2026-02,No debris remaining on site
JEDDAH,2521001663,UNCERTIFIED WORKER,0,WORKER,Closed by HQ,2026-02-10 11:42:19.460,WORKER REGISTERATION,CIVIL,N,NO,2026-02,Uncertified worker
JEDDAH,2521001663,THE INSTALLED HAND HOLE / MANHOLE  INCLUDES ALL REQUIRED ACCESSORIES?,72,Material,Rejected deviation approved by supervisor,2026-02-10 12:09:18.933,Hand hole/Manhole,CIVIL,N,NO,2026-02,THE INSTALLED HAND HOLE / MANHOLE  INCLUDES ALL REQUIRED ACCESSORIES?
JEDDAH,2521001663,THE INSIDES OF THE INSTALLED MANHOLES / HANDHOLES ARE CLEAN AND ORANGANIZED (EXISTING MANHOLES/HANDHOLES HAVE BEEN REPORTED TO OM)?,72,Installation,Rejected deviation approved by supervisor,2026-02-10 12:09:25.403,Hand hole/Manhole,CIVIL,N,NO,2026-02,THE INSIDES OF THE INSTALLED MANHOLES / HANDHOLES ARE CLEAN AND ORANGANIZED (EXISTING
JEDDAH,2521001663,ALL CONDUITS HAVE BEEN SEALED PER STC STANDARDS BOTH INSIDE AND OUTSIDE OF THE MANHOLE / HANDHOLE?,72,Installation,Rejected deviation approved by supervisor,2026-02-10 12:09:26.520,Hand hole/Manhole,CIVIL,N,YES,2026-02,ALL CONDUITS HAVE BEEN SEALED PER STC STANDARDS BOTH INSIDE AND OUTSIDE OF THE MANHOL
JEDDAH,2521001663,UNCERTIFIED WORKER,0,WORKER,Closed by HQ,2026-02-11 09:38:07.700,WORKER REGISTERATION,CIVIL,N,NO,2026-02,Uncertified worker
JEDDAH,2521001663,UNCERTIFIED WORKER,0,WORKER,Closed by HQ,2026-02-12 09:26:09.463,WORKER REGISTERATION,CIVIL,N,NO,2026-02,Uncertified worker
JEDDAH,2521001663,NO DEBRIS IS REMAINING ON THE SITE?,48,Installation,Correction accepted by supervisor,2026-02-15 12:23:05.990,CIVIL,CIVIL,N,NO,2026-02,No debris remaining on site
JEDDAH,2521001663,PEDESTRIAN PASSES PLACED EVERY 100M IN FRONT OF CUSTOMER HOUSES AS REQUIRED,0,SAFETY,Correction accepted by supervisor,2026-02-17 14:27:12.340,INSTALLATION,SAFETY,Y,NO,2026-02,Pedestrian passes not placed every 100m
JEDDAH,2521001663,HAS THE TRENCH BEEN CLOSED WITHIN 24 HOURS OF OPENING?,72,Installation,Correction accepted by supervisor,2026-02-17 19:51:58.703,Safety,CIVIL,Y,NO,2026-02,Trench not closed within 24 hours
JEDDAH,2521001663,UNCERTIFIED WORKER,0,WORKER,Closed by HQ,2026-02-19 00:15:20.627,WORKER REGISTERATION,CIVIL,N,NO,2026-02,Uncertified worker
JEDDAH,2521001663,IS THE TRENCH ROUTE STRAIGHT?,72,Trenching/bore,Correction accepted by supervisor,2026-02-19 00:53:41.273,CIVIL,CIVIL,Y,NO,2026-02,Trench route not straight
JEDDAH,2521001663,NO DEBRIS IS REMAINING ON THE SITE?,48,Installation,Correction accepted by supervisor,2026-02-24 20:52:38.040,CIVIL,CIVIL,Y,NO,2026-02,No debris remaining on site
JEDDAH,2521001663,HAS THE TRENCH BEEN CLOSED WITHIN 24 HOURS OF OPENING?,72,Installation,Correction accepted by supervisor,2026-02-24 20:52:40.270,Safety,CIVIL,N,NO,2026-02,Trench not closed within 24 hours
JEDDAH,2521001663,PEDESTRIAN PASSES PLACED EVERY 100M IN FRONT OF CUSTOMER HOUSES AS REQUIRED,0,SAFETY,Correction accepted by supervisor,2026-02-24 20:59:25.243,INSTALLATION,SAFETY,Y,NO,2026-02,Pedestrian passes not placed every 100m
JEDDAH,2521001663,HAVE ALL STC SAFETY MEASUREMENTS BEEN FOLLOWED?,0,Installation,Correction accepted by supervisor,2026-02-24 20:59:27.147,Safety,SAFETY,Y,NO,2026-02,STC safety measures not followed
JEDDAH,2521001663,UNCERTIFIED WORKER,0,WORKER,Closed by HQ,2026-02-26 00:06:42.993,WORKER REGISTERATION,CIVIL,N,NO,2026-02,Uncertified worker
JEDDAH,2521001663,MUNCIPALITY PERMIT IS AVIALABLE ON THE SIGNBOARD?,48,Installation,Rejected deviation approved by supervisor,2026-03-01 21:48:23.430,Safety,CIVIL,N,NO,2026-03,Municipality permit not on signboard
JEDDAH,2521001663,NO DEBRIS IS REMAINING ON THE SITE?,48,Installation,Correction accepted by supervisor,2026-03-01 21:48:25.730,CIVIL,CIVIL,N,NO,2026-03,No debris remaining on site
JEDDAH,2521001663,IS THE TRENCH SEGMENT BACKFILLED WITH INSPECTOR APPROVAL?,0,Trenching/bore,Correction accepted by supervisor,2026-03-02 16:47:50.503,CIVIL,CIVIL,Y,NO,2026-03,IS THE TRENCH SEGMENT BACKFILLED WITH INSPECTOR APPROVAL?
JEDDAH,2521001663,NO DEBRIS IS REMAINING ON THE SITE?,48,Installation,Correction accepted by supervisor,2026-03-02 16:47:53.837,CIVIL,CIVIL,N,NO,2026-03,No debris remaining on site
JEDDAH,2521001663,MUNCIPALITY PERMIT IS AVIALABLE ON THE SIGNBOARD?,48,Installation,Correction accepted by supervisor,2026-03-04 00:44:01.313,Safety,CIVIL,Y,NO,2026-03,Municipality permit not on signboard
JEDDAH,2521001663,NO DEBRIS IS REMAINING ON THE SITE?,48,Installation,Correction accepted by supervisor,2026-03-04 00:44:04.817,CIVIL,CIVIL,N,NO,2026-03,No debris remaining on site
JEDDAH,2521001663,PEDESTRIAN PASSES PLACED EVERY 100M IN FRONT OF CUSTOMER HOUSES AS REQUIRED,0,SAFETY,Correction accepted by supervisor,2026-03-04 01:37:26.303,INSTALLATION,SAFETY,Y,NO,2026-03,Pedestrian passes not placed every 100m
JEDDAH,2521001663,HAVE ALL STC SAFETY MEASUREMENTS BEEN FOLLOWED?,0,Installation,Correction accepted by supervisor,2026-03-04 01:37:28.523,Safety,SAFETY,Y,NO,2026-03,STC safety measures not followed
JEDDAH,2521001663,NO DEBRIS IS REMAINING ON THE SITE?,48,Installation,Correction accepted by supervisor,2026-03-09 00:27:03.293,CIVIL,CIVIL,Y,NO,2026-03,No debris remaining on site
JEDDAH,2521001663,HAS THE TRENCH BEEN CLOSED WITHIN 24 HOURS OF OPENING?,72,Installation,Correction accepted by supervisor,2026-03-09 00:27:05.730,Safety,CIVIL,Y,NO,2026-03,Trench not closed within 24 hours
JEDDAH,2521001663,IS THE TRENCH ROUTE STRAIGHT?,72,Trenching/bore,Correction accepted by supervisor,2026-03-10 00:41:05.527,CIVIL,CIVIL,Y,NO,2026-03,Trench route not straight
JEDDAH,2521001663,PEDESTRIAN PASSES PLACED EVERY 100M IN FRONT OF CUSTOMER HOUSES AS REQUIRED,0,SAFETY,Correction accepted by supervisor,2026-03-10 00:53:24.663,INSTALLATION,SAFETY,Y,NO,2026-03,Pedestrian passes not placed every 100m
JEDDAH,2521001663,MUNCIPALITY PERMIT IS AVIALABLE ON THE SIGNBOARD?,48,Installation,Correction accepted by supervisor,2026-03-11 02:16:56.413,Safety,CIVIL,Y,NO,2026-03,Municipality permit not on signboard
JEDDAH,2521001663,NO DEBRIS IS REMAINING ON THE SITE?,48,Installation,Correction accepted by supervisor,2026-03-11 02:16:58.567,CIVIL,CIVIL,N,NO,2026-03,No debris remaining on site
JEDDAH,2521001663,NO DEBRIS IS REMAINING ON THE SITE?,48,Installation,Correction accepted by supervisor,2026-03-12 02:23:00.727,CIVIL,CIVIL,Y,NO,2026-03,No debris remaining on site
JEDDAH,2521001663,NO DEBRIS IS REMAINING ON THE SITE?,48,Installation,Correction accepted by supervisor,2026-03-31 13:19:32.580,CIVIL,CIVIL,N,NO,2026-03,No debris remaining on site
JEDDAH,2521001663,THE SPACERS ARE INSTALLED AS REQUIRED PER STC SPECIFICATIONS?,72,Installation,Correction accepted by supervisor,2026-03-31 13:19:41.560,Ducts,CIVIL,N,NO,2026-03,THE SPACERS ARE INSTALLED AS REQUIRED PER STC SPECIFICATIONS?
JEDDAH,2521001663,HAVE ALL STC SAFETY MEASUREMENTS BEEN FOLLOWED?,0,Installation,Correction accepted by supervisor,2026-03-31 13:23:30.787,Safety,SAFETY,Y,NO,2026-03,STC safety measures not followed
JEDDAH,2521001663,ALL INSTALLED PROTECTIVE U-GUARDS MEET STC SPECIFICATIONS?,72,Installation,Correction accepted by supervisor,2026-04-23 13:03:56.600,Standards,Fiber,Y,NO,2026-04,U-guards not meeting STC specs
JEDDAH,2521001663,ALL INSTALLED PROTECTIVE U-GUARDS MEET STC SPECIFICATIONS?,72,Installation,Correction accepted by supervisor,2026-04-29 08:46:46.173,Standards,Fiber,N,NO,2026-04,U-guards not meeting STC specs
JEDDAH,2521001663,HAS THE CABLE BEEN PLACED AS PER DESIGN AND AS PER STC SPECIFICATIONS?,72,Installation,Correction accepted by supervisor,2026-05-03 08:57:12.157,Standards,Fiber,N,NO,2026-05,HAS THE CABLE BEEN PLACED AS PER DESIGN AND AS PER STC SPECIFICATIONS?
JEDDAH,2521001663,ALL INSTALLED PROTECTIVE U-GUARDS MEET STC SPECIFICATIONS?,72,Installation,Correction accepted by supervisor,2026-05-06 08:49:43.397,Standards,Fiber,Y,NO,2026-05,U-guards not meeting STC specs
JEDDAH,2521001663,THE INSIDES OF THE INSTALLED MANHOLES / HANDHOLES ARE CLEAN AND ORANGANIZED (EXISTING MANHOLES/HANDHOLES HAVE BEEN REPORTED TO OM)?,72,Installation,Correction accepted by supervisor,2026-05-11 09:50:12.043,Hand hole/Manhole,CIVIL,N,NO,2026-05,THE INSIDES OF THE INSTALLED MANHOLES / HANDHOLES ARE CLEAN AND ORANGANIZED (EXISTING
JEDDAH,2521001663,ALL VACANT DUCTS HAVE A PULL STRING AND THE PROPER DUCT SEALANT HAS BEEN APPLIED?,72,Installation,Correction accepted by supervisor,2026-05-11 09:50:14.270,Ducts,CIVIL,N,NO,2026-05,ALL VACANT DUCTS HAVE A PULL STRING AND THE PROPER DUCT SEALANT HAS BEEN APPLIED?
JEDDAH,2521001663,ALL INSTALLED PROTECTIVE U-GUARDS MEET STC SPECIFICATIONS?,72,Installation,Correction accepted by supervisor,2026-05-11 10:01:59.603,Standards,Fiber,N,NO,2026-05,U-guards not meeting STC specs
JEDDAH,2521001663,ARE ALL TB / OSB / ODB HAVE BEEN PROPERLY INSTALLED?,72,Installation,Correction accepted by supervisor,2026-05-11 10:02:04.857,Cabinets,Fiber,N,YES,2026-05,ARE ALL TB / OSB / ODB HAVE BEEN PROPERLY INSTALLED?
JEDDAH,2521001668,NO DEBRIS IS REMAINING ON THE SITE?,48,Installation,Correction accepted by supervisor,2026-04-05 10:39:32.823,CIVIL,CIVIL,N,NO,2026-04,No debris remaining on site
JEDDAH,2521001668,IS THE TRENCH ROUTE STRAIGHT?,72,Trenching/bore,Correction accepted by supervisor,2026-04-05 10:39:39.540,CIVIL,CIVIL,N,NO,2026-04,Trench route not straight
JEDDAH,2521001668,HAVE ALL STC SAFETY MEASUREMENTS BEEN FOLLOWED?,0,Installation,Correction accepted by supervisor,2026-04-05 10:58:10.733,Safety,SAFETY,Y,NO,2026-04,STC safety measures not followed
JEDDAH,2521001668,WORKER NOT HOLDING STC ID BADGE,0,WORKER,Closed by HQ,2026-04-06 11:50:58.167,WORKER REGISTERATION,CIVIL,N,NO,2026-04,Worker missing STC ID badge
JEDDAH,2521001668,"THE BACKFILL MATERIALS SAND, CONCRETE, SUB BASE MEET SPECS/STANDARDS?",72,Material,Correction accepted by supervisor,2026-04-08 09:15:46.610,Standards,CIVIL,N,YES,2026-04,"THE BACKFILL MATERIALS SAND, CONCRETE, SUB BASE MEET SPECS/STANDARDS?"
JEDDAH,2521001668,MUNICIPALITY PERMITS ARE VALID AND RENEWED AS REQUIRED?,0,Trenching/bore,Correction accepted by supervisor,2026-04-12 10:58:30.750,CIVIL,CIVIL,Y,NO,2026-04,Municipality permits not valid/renewed
JEDDAH,2521001668,THE REINSTATEMENT HAS BEEN COMPLETED AND MEETS MUNICIPALITY CLOSING REQUIREMENTS?,72,Installation,Correction accepted by supervisor,2026-04-12 10:58:46.613,Standards,CIVIL,N,NO,2026-04,THE REINSTATEMENT HAS BEEN COMPLETED AND MEETS MUNICIPALITY CLOSING REQUIREMENTS?
JEDDAH,2521001668,THE TRENCH DEPTH IS AS PER DESIGN SPECIFICATIONS AND MEETS STC REQUIREMENTS?,72,Trenching/bore,Correction accepted by supervisor,2026-04-12 10:58:56.090,Standards,CIVIL,N,YES,2026-04,THE TRENCH DEPTH IS AS PER DESIGN SPECIFICATIONS AND MEETS STC REQUIREMENTS?
JEDDAH,2521001668,MARKING TAPE PLACED AS PER STC SPECIFICATIONS (WARNING TAPE)?,72,Installation,Correction accepted by supervisor,2026-04-12 10:59:00.783,Standards,CIVIL,N,YES,2026-04,MARKING TAPE PLACED AS PER STC SPECIFICATIONS (WARNING TAPE)?
JEDDAH,2521001668,HAVE ALL STC SAFETY MEASUREMENTS BEEN FOLLOWED?,0,Installation,Correction accepted by supervisor,2026-04-12 10:59:41.270,Safety,SAFETY,Y,NO,2026-04,STC safety measures not followed
JEDDAH,2521001668,HAVE ALL STC SAFETY MEASUREMENTS BEEN FOLLOWED?,0,Installation,Correction accepted by supervisor,2026-04-15 11:19:43.903,Safety,SAFETY,Y,NO,2026-04,STC safety measures not followed
JEDDAH,2521001668,HAS THE CABLE DRUM BEEN PLACED VERTICALLY DURING PULLING?,0,Installation,Correction accepted by supervisor,2026-04-15 11:20:43.047,Standards,Fiber,Y,NO,2026-04,HAS THE CABLE DRUM BEEN PLACED VERTICALLY DURING PULLING?
JEDDAH,2521001668,NO DEBRIS IS REMAINING ON THE SITE?,48,Installation,Correction accepted by supervisor,2026-04-16 09:55:08.090,CIVIL,CIVIL,N,NO,2026-04,No debris remaining on site
JEDDAH,2521001668,HAVE ALL STC SAFETY MEASUREMENTS BEEN FOLLOWED?,0,Installation,Correction accepted by supervisor,2026-04-16 10:12:33.813,Safety,SAFETY,Y,NO,2026-04,STC safety measures not followed
JEDDAH,2521001668,"THE BACKFILL MATERIALS SAND, CONCRETE, SUB BASE MEET SPECS/STANDARDS?",72,Material,Correction accepted by supervisor,2026-04-29 14:12:50.597,Standards,CIVIL,N,YES,2026-04,"THE BACKFILL MATERIALS SAND, CONCRETE, SUB BASE MEET SPECS/STANDARDS?"
JEDDAH,2521001668,ALL HANDHOLES / MANHOLES ARE INSTALLED AS PER STC REQUIREMENTS?,72,Installation,Correction accepted by supervisor,2026-04-29 14:12:53.360,Hand hole/Manhole,CIVIL,N,NO,2026-04,HH/MH not as per STC requirements
JEDDAH,2521001668,ALL INSTALLED PROTECTIVE U-GUARDS MEET STC SPECIFICATIONS?,72,Installation,Correction accepted by supervisor,2026-04-29 14:13:11.697,Standards,Fiber,N,NO,2026-04,U-guards not meeting STC specs
JEDDAH,2521001668,NO DEBRIS IS REMAINING ON THE SITE?,48,Installation,Correction accepted by supervisor,2026-04-30 11:11:01.490,CIVIL,CIVIL,N,NO,2026-04,No debris remaining on site
JEDDAH,2521001668,WORK HAS BEEN CLEANED AND RETURNED TO ORIGINAL STATE ?,72,Trenching/bore,Correction accepted by supervisor,2026-04-30 11:11:03.613,Standards,CIVIL,Y,NO,2026-04,WORK HAS BEEN CLEANED AND RETURNED TO ORIGINAL STATE ?
JEDDAH,2521001668,HAS REINSTATEMENT BEEN COMPLETED WITHIN 120 HOURS OF TRENCH COMPLETION (CONCRETE PLACEMENT)?,120,Installation,Correction accepted by supervisor,2026-04-30 11:11:05.063,CIVIL,CIVIL,N,NO,2026-04,HAS REINSTATEMENT BEEN COMPLETED WITHIN 120 HOURS OF TRENCH COMPLETION (CONCRETE PLAC
JEDDAH,2521001668,THE INSIDES OF THE INSTALLED MANHOLES / HANDHOLES ARE CLEAN AND ORANGANIZED (EXISTING MANHOLES/HANDHOLES HAVE BEEN REPORTED TO OM)?,72,Installation,Correction accepted by supervisor,2026-04-30 11:11:12.233,Hand hole/Manhole,CIVIL,N,NO,2026-04,THE INSIDES OF THE INSTALLED MANHOLES / HANDHOLES ARE CLEAN AND ORANGANIZED (EXISTING
JEDDAH,2521001668,ALL HANDHOLES / MANHOLES ARE INSTALLED AS PER STC REQUIREMENTS?,72,Installation,Correction accepted by supervisor,2026-04-30 11:11:14.027,Hand hole/Manhole,CIVIL,N,NO,2026-04,HH/MH not as per STC requirements
JEDDAH,2521001668,ALL VACANT DUCTS HAVE A PULL STRING AND THE PROPER DUCT SEALANT HAS BEEN APPLIED?,72,Installation,Correction accepted by supervisor,2026-04-30 11:11:15.323,Ducts,CIVIL,Y,NO,2026-04,ALL VACANT DUCTS HAVE A PULL STRING AND THE PROPER DUCT SEALANT HAS BEEN APPLIED?
JEDDAH,2521001668,ALL  EXCESS MATERIAL AND WORK SCRAP HAS BEEN REMOVED FROM WORK SITE?,72,Installation,Correction accepted by supervisor,2026-04-30 11:44:43.983,CABLE,Fiber,N,NO,2026-04,ALL  EXCESS MATERIAL AND WORK SCRAP HAS BEEN REMOVED FROM WORK SITE?
JEDDAH,2521001668,ALL INSTALLED PROTECTIVE U-GUARDS MEET STC SPECIFICATIONS?,72,Installation,Correction accepted by supervisor,2026-04-30 11:45:06.960,Standards,Fiber,N,NO,2026-04,U-guards not meeting STC specs
JEDDAH,2521001668,ARE THE CABLES ROUTED AND RACKED CORRECTLY IN EACH MANHOLE / HANDHOLE?,72,Installation,Correction accepted by supervisor,2026-04-30 11:45:12.690,Design Compliance,Fiber,Y,NO,2026-04,ARE THE CABLES ROUTED AND RACKED CORRECTLY IN EACH MANHOLE / HANDHOLE?
JEDDAH,2521001668,ARE ALL TB / OSB / ODB HAVE BEEN PROPERLY INSTALLED?,72,Installation,Correction accepted by supervisor,2026-04-30 11:45:25.167,Cabinets,Fiber,N,YES,2026-04,ARE ALL TB / OSB / ODB HAVE BEEN PROPERLY INSTALLED?
JEDDAH,2521001668,HAS REINSTATEMENT BEEN COMPLETED WITHIN 120 HOURS OF TRENCH COMPLETION (CONCRETE PLACEMENT)?,120,Installation,Correction accepted by supervisor,2026-05-03 10:04:48.943,CIVIL,CIVIL,N,NO,2026-05,HAS REINSTATEMENT BEEN COMPLETED WITHIN 120 HOURS OF TRENCH COMPLETION (CONCRETE PLAC
JEDDAH,2521001668,ALL HANDHOLES / MANHOLES ARE INSTALLED AS PER STC REQUIREMENTS?,72,Installation,Rejected deviation approved by supervisor,2026-05-03 10:05:06.403,Hand hole/Manhole,CIVIL,N,NO,2026-05,HH/MH not as per STC requirements
JEDDAH,2521001668,ALL FIBERS ARE SPLICED IN CABINETS AND TERMINALS AS PER STC GUIDELINES?,72,Splicing,Correction accepted by supervisor,2026-05-03 11:30:20.917,Standards,Fiber,N,YES,2026-05,ALL FIBERS ARE SPLICED IN CABINETS AND TERMINALS AS PER STC GUIDELINES?
JEDDAH,2521001668,HAS THE CABLE BEEN PLACED AS PER DESIGN AND AS PER STC SPECIFICATIONS?,72,Installation,Correction accepted by supervisor,2026-05-03 11:30:26.257,Standards,Fiber,Y,NO,2026-05,HAS THE CABLE BEEN PLACED AS PER DESIGN AND AS PER STC SPECIFICATIONS?
JEDDAH,2521001668,"ARE ALL TERMINALS (TB, OSB, ODB), CABINETS LABELED WITH PROPER IDENTIFICATION AND INFORMATION ?",72,Installation,Correction accepted by supervisor,2026-05-07 12:57:15.830,Labeling,Fiber,Y,NO,2026-05,"ARE ALL TERMINALS (TB, OSB, ODB), CABINETS LABELED WITH PROPER IDENTIFICATION AND INF"
JEDDAH,2521001668,NO DEBRIS IS REMAINING ON THE SITE?,48,Installation,Correction accepted by supervisor,2026-05-10 08:15:21.570,CIVIL,CIVIL,N,NO,2026-05,No debris remaining on site
JEDDAH,2521001662,THE TRENCH DEPTH IS AS PER DESIGN SPECIFICATIONS AND MEETS STC REQUIREMENTS?,72,Trenching/bore,Correction accepted by supervisor,2025-12-10 14:04:04.543,Standards,CIVIL,N,YES,2025-12,THE TRENCH DEPTH IS AS PER DESIGN SPECIFICATIONS AND MEETS STC REQUIREMENTS?
JEDDAH,2521001662,THE TRENCH DEPTH IS AS PER DESIGN SPECIFICATIONS AND MEETS STC REQUIREMENTS?,72,Trenching/bore,Correction accepted by supervisor,2025-12-28 13:39:36.830,Standards,CIVIL,N,YES,2025-12,THE TRENCH DEPTH IS AS PER DESIGN SPECIFICATIONS AND MEETS STC REQUIREMENTS?
JEDDAH,2521001662,UNCERTIFIED WORKER,0,WORKER,Closed by HQ,2026-01-01 11:03:13.573,WORKER REGISTERATION,CIVIL,N,NO,2026-01,Uncertified worker
JEDDAH,2521001662,UNCERTIFIED WORKER,0,WORKER,Closed by HQ,2026-01-01 11:03:17.357,WORKER REGISTERATION,CIVIL,N,NO,2026-01,Uncertified worker
JEDDAH,2521001662,MUNICIPALITY PERMITS ARE VALID AND RENEWED AS REQUIRED?,0,Trenching/bore,Closed Deviation With Penalty Approved by HQPM,2026-01-07 13:19:37.960,CIVIL,CIVIL,N,NO,2026-01,Municipality permits not valid/renewed
JEDDAH,2521001662,THE TRENCH DEPTH IS AS PER DESIGN SPECIFICATIONS AND MEETS STC REQUIREMENTS?,72,Trenching/bore,Correction accepted by supervisor,2026-01-07 13:19:49.520,Standards,CIVIL,N,YES,2026-01,THE TRENCH DEPTH IS AS PER DESIGN SPECIFICATIONS AND MEETS STC REQUIREMENTS?
JEDDAH,2521001662,"THE BACKFILL MATERIALS SAND, CONCRETE, SUB BASE MEET SPECS/STANDARDS?",72,Material,Correction accepted by supervisor,2026-01-07 13:19:51.643,Standards,CIVIL,Y,YES,2026-01,"THE BACKFILL MATERIALS SAND, CONCRETE, SUB BASE MEET SPECS/STANDARDS?"
JEDDAH,2521001662,NO DEBRIS IS REMAINING ON THE SITE?,48,Installation,Correction accepted by supervisor,2026-01-19 14:40:26.810,CIVIL,CIVIL,N,NO,2026-01,No debris remaining on site
JEDDAH,2521001662,"ALL DAMAGE TO PROPERTY (TILES, CURBS, WALLS, ASPHALT) HAS BEEN REPAIRED TO ORIGINAL STATE OR AS PER CUSTOMER REQUEST AT WORK COMPLETION ?",72,Installation,Correction accepted by supervisor,2026-01-19 14:40:30.453,CIVIL,CIVIL,N,NO,2026-01,Property damage not restored
JEDDAH,2521001662,ALL INSTALLED PROTECTIVE U-GUARDS MEET STC SPECIFICATIONS?,72,Installation,Correction accepted by supervisor,2026-02-11 14:24:19.550,Standards,Fiber,N,NO,2026-02,U-guards not meeting STC specs
JEDDAH,2521001662,HAS THE CABLE BEEN PLACED AS PER DESIGN AND AS PER STC SPECIFICATIONS?,72,Installation,Correction accepted by supervisor,2026-02-11 14:24:21.477,Standards,Fiber,N,NO,2026-02,HAS THE CABLE BEEN PLACED AS PER DESIGN AND AS PER STC SPECIFICATIONS?
JEDDAH,2521001662,NO DEBRIS IS REMAINING ON THE SITE?,48,Installation,Correction accepted by supervisor,2026-02-11 14:25:00.447,CIVIL,CIVIL,N,NO,2026-02,No debris remaining on site
JEDDAH,2521001662,WORK HAS BEEN CLEANED AND RETURNED TO ORIGINAL STATE ?,72,Trenching/bore,Correction accepted by supervisor,2026-02-11 14:25:02.400,Standards,CIVIL,Y,NO,2026-02,WORK HAS BEEN CLEANED AND RETURNED TO ORIGINAL STATE ?
JEDDAH,2521001662,"ALL DAMAGE TO PROPERTY (TILES, CURBS, WALLS, ASPHALT) HAS BEEN REPAIRED TO ORIGINAL STATE OR AS PER CUSTOMER REQUEST AT WORK COMPLETION ?",72,Installation,Correction accepted by supervisor,2026-03-05 20:06:28.453,CIVIL,CIVIL,Y,NO,2026-03,Property damage not restored
JEDDAH,2521001662,ALL DUCTS HAVE BEEN INSPECTED AND ARE FREE OF DAMAGE AND DEFECTS AND INCLUDE PROPER LABELING?,0,Material,Correction accepted by supervisor,2026-03-22 07:27:53.117,Ducts,CIVIL,Y,NO,2026-03,ALL DUCTS HAVE BEEN INSPECTED AND ARE FREE OF DAMAGE AND DEFECTS AND INCLUDE PROPER L
JEDDAH,2521001662,THE CONDUITS ARE INSTALLED PER STC SPECIFICATIONS?,72,Installation,Correction accepted by supervisor,2026-03-22 07:27:58.873,Ducts,CIVIL,Y,NO,2026-03,THE CONDUITS ARE INSTALLED PER STC SPECIFICATIONS?
JEDDAH,2521001662,THE SPACERS ARE INSTALLED AS REQUIRED PER STC SPECIFICATIONS?,72,Installation,Correction accepted by supervisor,2026-03-22 07:27:59.577,Ducts,CIVIL,Y,NO,2026-03,THE SPACERS ARE INSTALLED AS REQUIRED PER STC SPECIFICATIONS?
JEDDAH,2521001662,ALL  EXCESS MATERIAL AND WORK SCRAP HAS BEEN REMOVED FROM WORK SITE?,72,Installation,Correction accepted by supervisor,2026-04-07 08:57:21.757,CABLE,Fiber,N,NO,2026-04,ALL  EXCESS MATERIAL AND WORK SCRAP HAS BEEN REMOVED FROM WORK SITE?
JEDDAH,2521001662,ALL HANDHOLES / MANHOLES ARE INSTALLED AS PER STC REQUIREMENTS?,72,Installation,Correction accepted by supervisor,2026-04-07 09:24:07.160,Hand hole/Manhole,CIVIL,Y,NO,2026-04,HH/MH not as per STC requirements
JEDDAH,2521001661,ALL REQUIRED WORKER UNIFORM AND SAFETY ITEMS ARE PRESENT?,48,Installation,Correction accepted by supervisor,2025-12-16 10:50:52.133,Safety,SAFETY,N,NO,2025-12,Worker PPE/uniform items missing
JEDDAH,2521001661,MUNICIPALITY PERMITS ARE VALID AND RENEWED AS REQUIRED?,0,Trenching/bore,Closed Deviation With Penalty Approved by HQPM,2025-12-24 11:26:49.683,CIVIL,CIVIL,N,NO,2025-12,Municipality permits not valid/renewed
JEDDAH,2521001661,MUNICIPALITY PERMITS ARE VALID AND RENEWED AS REQUIRED?,0,Trenching/bore,Rejected deviation approved by supervisor,2025-12-29 13:37:32.180,CIVIL,CIVIL,N,NO,2025-12,Municipality permits not valid/renewed
JEDDAH,2521001661,"THE BACKFILL MATERIALS SAND, CONCRETE, SUB BASE MEET SPECS/STANDARDS?",72,Material,Correction accepted by supervisor,2025-12-29 13:49:21.170,Standards,CIVIL,N,YES,2025-12,"THE BACKFILL MATERIALS SAND, CONCRETE, SUB BASE MEET SPECS/STANDARDS?"
JEDDAH,2521001661,THE ASPHALT / CONCRETE WAS PROVIDED BY STC APPROVED SUPPLIER?,72,Material,Correction accepted by supervisor,2025-12-29 14:00:23.033,Type Approval,CIVIL,N,NO,2025-12,THE ASPHALT / CONCRETE WAS PROVIDED BY STC APPROVED SUPPLIER?
JEDDAH,2521001661,NO DEBRIS IS REMAINING ON THE SITE?,48,Installation,Correction accepted by supervisor,2026-01-13 14:20:20.343,CIVIL,CIVIL,Y,NO,2026-01,No debris remaining on site
JEDDAH,2521001661,ALL INSTALLED PROTECTIVE U-GUARDS MEET STC SPECIFICATIONS?,72,Installation,Correction accepted by supervisor,2026-01-13 14:22:50.230,Standards,Fiber,N,NO,2026-01,U-guards not meeting STC specs
JEDDAH,2521001661,"ALL DAMAGE TO PROPERTY (TILES, CURBS, WALLS, ASPHALT) HAS BEEN REPAIRED TO ORIGINAL STATE OR AS PER CUSTOMER REQUEST AT WORK COMPLETION ?",72,Installation,Correction accepted by supervisor,2026-01-18 14:37:50.930,CIVIL,CIVIL,N,NO,2026-01,Property damage not restored
JEDDAH,2521001661,ALL  MATERIALS  PLACED AS CALLED FOR BY APPROVED DESIGN AND APPROVED STC SPECIFICATIONS?,72,Material,Correction accepted by supervisor,2026-01-21 11:44:26.370,Design Compliance,Fiber,N,NO,2026-01,ALL  MATERIALS  PLACED AS CALLED FOR BY APPROVED DESIGN AND APPROVED STC SPECIFICATIO
JEDDAH,2521001661,HAS THE CABLE BEEN PLACED AS PER DESIGN AND AS PER STC SPECIFICATIONS?,72,Installation,Correction accepted by supervisor,2026-01-21 11:44:41.430,Standards,Fiber,N,NO,2026-01,HAS THE CABLE BEEN PLACED AS PER DESIGN AND AS PER STC SPECIFICATIONS?
JEDDAH,2521001661,HAS THE CABLE DRUM BEEN PLACED VERTICALLY DURING PULLING?,0,Installation,Correction accepted by supervisor,2026-01-21 11:44:46.310,Standards,Fiber,Y,NO,2026-01,HAS THE CABLE DRUM BEEN PLACED VERTICALLY DURING PULLING?
JEDDAH,2521001661,ONLY PROPER FIBER OPTIC TOOLS ARE USED DURING INSTALLATION?,0,Installation,Correction accepted by supervisor,2026-01-21 11:44:51.097,Standards,Fiber,Y,NO,2026-01,ONLY PROPER FIBER OPTIC TOOLS ARE USED DURING INSTALLATION?
JEDDAH,2521001661,ARE THE CABLES ROUTED AND RACKED CORRECTLY IN EACH MANHOLE / HANDHOLE?,72,Installation,Correction accepted by supervisor,2026-01-21 11:44:59.290,Design Compliance,Fiber,N,NO,2026-01,ARE THE CABLES ROUTED AND RACKED CORRECTLY IN EACH MANHOLE / HANDHOLE?
JEDDAH,2521001661,"SIGNBOAD AS PER STC SPECIFICATION (DEMINSIONS, CLARITY, …ETC)?",0,Installation,Correction accepted by supervisor,2026-01-21 11:51:12.713,Safety,SAFETY,Y,NO,2026-01,"SIGNBOAD AS PER STC SPECIFICATION (DEMINSIONS, CLARITY, …ETC)?"
JEDDAH,2521001661,HAVE ALL STC SAFETY MEASUREMENTS BEEN FOLLOWED?,0,Installation,Correction accepted by supervisor,2026-01-21 11:51:21.567,Safety,SAFETY,Y,NO,2026-01,STC safety measures not followed
JEDDAH,2521001661,ALL REQUIRED WORKER UNIFORM AND SAFETY ITEMS ARE PRESENT?,48,Installation,Correction accepted by supervisor,2026-01-21 11:51:25.330,Safety,SAFETY,N,NO,2026-01,Worker PPE/uniform items missing
RIYADH,2512000177,WORKER NOT HOLDING STC ID BADGE,0,WORKER,Closed by HQ,2025-11-06 10:55:41.573,WORKER REGISTERATION,CIVIL,N,NO,2025-11,Worker missing STC ID badge
RIYADH,2512000177,UNREGISTERED WORKER,0,WORKER,Closed by HQ,2025-11-06 10:55:45.663,WORKER REGISTERATION,CIVIL,N,NO,2025-11,Unregistered worker
RIYADH,2512000177,WORKER NOT HOLDING STC ID BADGE,0,WORKER,Closed by HQ,2025-11-06 10:57:16.167,WORKER REGISTERATION,CIVIL,N,NO,2025-11,Worker missing STC ID badge
RIYADH,2512000177,UNREGISTERED WORKER,0,WORKER,Closed by HQ,2025-11-06 10:57:20.067,WORKER REGISTERATION,CIVIL,N,NO,2025-11,Unregistered worker
RIYADH,2512000177,PEDESTRIAN PASSES PLACED EVERY 100M IN FRONT OF CUSTOMER HOUSES AS REQUIRED,0,SAFETY,Correction accepted by supervisor,2025-11-06 11:00:26.957,INSTALLATION,SAFETY,Y,NO,2025-11,Pedestrian passes not placed every 100m
RIYADH,2512000177,STAND ALONE POWER SOURCE,0,SAFETY,Correction accepted by supervisor,2025-11-06 11:00:29.577,INSTALLATION,SAFETY,Y,NO,2025-11,STAND ALONE POWER SOURCE
RIYADH,2512000177,"SIGNBOAD AS PER STC SPECIFICATION (DEMINSIONS, CLARITY, …ETC)?",0,Installation,Correction accepted by supervisor,2025-11-06 11:00:31.027,Safety,SAFETY,Y,NO,2025-11,"SIGNBOAD AS PER STC SPECIFICATION (DEMINSIONS, CLARITY, …ETC)?"
RIYADH,2512000177,HAVE ALL STC SAFETY MEASUREMENTS BEEN FOLLOWED?,0,Installation,Correction accepted by supervisor,2025-11-06 11:00:32.920,Safety,SAFETY,Y,NO,2025-11,STC safety measures not followed
RIYADH,2512000177,ALL REQUIRED WORKER UNIFORM AND SAFETY ITEMS ARE PRESENT?,48,Installation,Correction accepted by supervisor,2025-11-06 11:00:35.343,Safety,SAFETY,Y,NO,2025-11,Worker PPE/uniform items missing
RIYADH,2512000177,MUNCIPALITY PERMIT IS AVIALABLE ON THE SIGNBOARD?,48,Installation,Correction accepted by supervisor,2025-11-06 11:39:24.503,Safety,CIVIL,Y,NO,2025-11,Municipality permit not on signboard
RIYADH,2512000177,NUMBER OF SIGNBOARDS AVAILABLE IN THE SITE ARE SUFFICIENT?,72,Installation,Correction accepted by supervisor,2025-11-06 11:39:28.590,Safety,CIVIL,Y,NO,2025-11,Insufficient site signboards
RIYADH,2512000177,CONTRACTOR’S SIGNBOARD COMPLIED WITH THE PROJECT AND CONTRACTOR NAME ?,48,Installation,Correction accepted by supervisor,2025-11-06 11:39:31.297,Safety,CIVIL,Y,NO,2025-11,CONTRACTOR’S SIGNBOARD COMPLIED WITH THE PROJECT AND CONTRACTOR NAME ?
RIYADH,2512000177,"CONTRACTOR DETAILS AVAILBLE ON THE SIGNBOARD (NAME, PHONE NUMBER, … ETC)",48,Installation,Correction accepted by supervisor,2025-11-06 11:39:35.813,Safety,CIVIL,Y,NO,2025-11,"CONTRACTOR DETAILS AVAILBLE ON THE SIGNBOARD (NAME, PHONE NUMBER, … ETC)"
RIYADH,2512000177,"ALL DAMAGE TO PROPERTY (TILES, CURBS, WALLS, ASPHALT) HAS BEEN REPAIRED TO ORIGINAL STATE OR AS PER CUSTOMER REQUEST AT WORK COMPLETION ?",72,Installation,Correction accepted by supervisor,2025-11-06 11:39:38.697,CIVIL,CIVIL,Y,NO,2025-11,Property damage not restored
RIYADH,2512000177,ALL MATERIALS INSTALLED ARE FROM APPROVED SUPPLIER AND HAVE A VALID STC TYPE APPROVAL?,0,Material,Rejected deviation approved by supervisor,2025-11-06 11:40:03.970,Type Approval,CIVIL,N,YES,2025-11,ALL MATERIALS INSTALLED ARE FROM APPROVED SUPPLIER AND HAVE A VALID STC TYPE APPROVAL
RIYADH,2512000177,"Is the H&S plan available, stamped and signed by contractor/ subcontractor?",0,Pre-survey,Correction accepted by supervisor,2025-11-06 11:52:55.023,Pre-survey,PRESURVEY,Y,NO,2025-11,"Is the H&S plan available, stamped and signed by contractor/ subcontractor?"
RIYADH,2512000177,Unregistered Subcontractor,0,SubContractor,Closed by HQ,2025-11-10 10:45:42.247,SubContractor REGISTERATION,SubContractor,N,NO,2025-11,Unregistered Subcontractor
RIYADH,2512000177,WORKER NOT HOLDING STC ID BADGE,0,WORKER,Closed by HQ,2025-11-10 10:53:39.857,WORKER REGISTERATION,CIVIL,N,NO,2025-11,Worker missing STC ID badge
RIYADH,2512000177,UNREGISTERED WORKER,0,WORKER,Closed by HQ,2025-11-10 10:53:42.950,WORKER REGISTERATION,CIVIL,N,NO,2025-11,Unregistered worker
RIYADH,2512000177,PEDESTRIAN PASSES PLACED EVERY 100M IN FRONT OF CUSTOMER HOUSES AS REQUIRED,0,SAFETY,Correction accepted by supervisor,2025-11-10 10:55:26.320,INSTALLATION,SAFETY,Y,NO,2025-11,Pedestrian passes not placed every 100m
RIYADH,2512000177,STAND ALONE POWER SOURCE,0,SAFETY,Correction accepted by supervisor,2025-11-10 10:55:29.060,INSTALLATION,SAFETY,Y,NO,2025-11,STAND ALONE POWER SOURCE
RIYADH,2512000177,"SIGNBOAD AS PER STC SPECIFICATION (DEMINSIONS, CLARITY, …ETC)?",0,Installation,Correction accepted by supervisor,2025-11-10 10:55:31.760,Safety,SAFETY,Y,NO,2025-11,"SIGNBOAD AS PER STC SPECIFICATION (DEMINSIONS, CLARITY, …ETC)?"
RIYADH,2512000177,HAVE ALL STC SAFETY MEASUREMENTS BEEN FOLLOWED?,0,Installation,Correction accepted by supervisor,2025-11-10 10:55:34.547,Safety,SAFETY,Y,NO,2025-11,STC safety measures not followed
RIYADH,2512000177,ALL REQUIRED WORKER UNIFORM AND SAFETY ITEMS ARE PRESENT?,48,Installation,Correction accepted by supervisor,2025-11-10 10:55:38.330,Safety,SAFETY,Y,NO,2025-11,Worker PPE/uniform items missing
RIYADH,2512000177,MUNCIPALITY PERMIT IS AVIALABLE ON THE SIGNBOARD?,48,Installation,Correction accepted by supervisor,2025-11-10 11:35:29.540,Safety,CIVIL,Y,NO,2025-11,Municipality permit not on signboard
RIYADH,2512000177,NUMBER OF SIGNBOARDS AVAILABLE IN THE SITE ARE SUFFICIENT?,72,Installation,Correction accepted by supervisor,2025-11-10 11:35:31.887,Safety,CIVIL,Y,NO,2025-11,Insufficient site signboards
RIYADH,2512000177,CONTRACTOR’S SIGNBOARD COMPLIED WITH THE PROJECT AND CONTRACTOR NAME ?,48,Installation,Correction accepted by supervisor,2025-11-10 11:35:34.187,Safety,CIVIL,Y,NO,2025-11,CONTRACTOR’S SIGNBOARD COMPLIED WITH THE PROJECT AND CONTRACTOR NAME ?
RIYADH,2512000177,"CONTRACTOR DETAILS AVAILBLE ON THE SIGNBOARD (NAME, PHONE NUMBER, … ETC)",48,Installation,Correction accepted by supervisor,2025-11-10 11:35:37.340,Safety,CIVIL,Y,NO,2025-11,"CONTRACTOR DETAILS AVAILBLE ON THE SIGNBOARD (NAME, PHONE NUMBER, … ETC)"
RIYADH,2512000177,"ALL DAMAGE TO PROPERTY (TILES, CURBS, WALLS, ASPHALT) HAS BEEN REPAIRED TO ORIGINAL STATE OR AS PER CUSTOMER REQUEST AT WORK COMPLETION ?",72,Installation,Correction accepted by supervisor,2025-11-10 11:35:38.693,CIVIL,CIVIL,Y,NO,2025-11,Property damage not restored
RIYADH,2512000177,"SIGNBOAD AS PER STC SPECIFICATION (DEMINSIONS, CLARITY, …ETC)?",0,Installation,Rejected deviation approved by supervisor,2025-11-24 12:41:47.827,Safety,SAFETY,N,NO,2025-11,"SIGNBOAD AS PER STC SPECIFICATION (DEMINSIONS, CLARITY, …ETC)?"
RIYADH,2512000177,HAVE ALL STC SAFETY MEASUREMENTS BEEN FOLLOWED?,0,Installation,Correction accepted by supervisor,2025-11-24 12:41:48.880,Safety,SAFETY,Y,NO,2025-11,STC safety measures not followed
RIYADH,2512000177,ALL REQUIRED WORKER UNIFORM AND SAFETY ITEMS ARE PRESENT?,48,Installation,Correction accepted by supervisor,2025-11-24 12:41:49.930,Safety,SAFETY,Y,NO,2025-11,Worker PPE/uniform items missing
RIYADH,2512000177,NUMBER OF SIGNBOARDS AVAILABLE IN THE SITE ARE SUFFICIENT?,72,Installation,Correction accepted by supervisor,2025-11-24 12:46:44.120,Safety,CIVIL,Y,NO,2025-11,Insufficient site signboards
RIYADH,2512000177,NO DEBRIS IS REMAINING ON THE SITE?,48,Installation,Correction accepted by supervisor,2025-11-24 12:46:47.903,CIVIL,CIVIL,Y,NO,2025-11,No debris remaining on site
RIYADH,2512000177,"SIGNBOAD AS PER STC SPECIFICATION (DEMINSIONS, CLARITY, …ETC)?",0,Installation,Correction accepted by supervisor,2025-11-27 11:22:40.970,Safety,SAFETY,Y,NO,2025-11,"SIGNBOAD AS PER STC SPECIFICATION (DEMINSIONS, CLARITY, …ETC)?"
RIYADH,2512000177,NUMBER OF SIGNBOARDS AVAILABLE IN THE SITE ARE SUFFICIENT?,72,Installation,Correction accepted by supervisor,2025-11-27 11:29:21.787,Safety,CIVIL,Y,NO,2025-11,Insufficient site signboards
RIYADH,2512000177,IS THE TRENCH ROUTE STRAIGHT?,72,Trenching/bore,Correction accepted by supervisor,2025-11-27 11:33:38.937,CIVIL,CIVIL,Y,NO,2025-11,Trench route not straight
RIYADH,2512000177,PEDESTRIAN PASSES PLACED EVERY 100M IN FRONT OF CUSTOMER HOUSES AS REQUIRED,0,SAFETY,Correction accepted by supervisor,2025-11-30 11:00:42.377,INSTALLATION,SAFETY,Y,NO,2025-11,Pedestrian passes not placed every 100m
RIYADH,2512000177,HAVE ALL STC SAFETY MEASUREMENTS BEEN FOLLOWED?,0,Installation,Correction accepted by supervisor,2025-11-30 11:00:50.160,Safety,SAFETY,Y,NO,2025-11,STC safety measures not followed
RIYADH,2512000177,"SIGNBOAD AS PER STC SPECIFICATION (DEMINSIONS, CLARITY, …ETC)?",0,Installation,Correction accepted by supervisor,2025-12-10 11:02:16.423,Safety,SAFETY,Y,NO,2025-12,"SIGNBOAD AS PER STC SPECIFICATION (DEMINSIONS, CLARITY, …ETC)?"
RIYADH,2512000177,HAVE ALL STC SAFETY MEASUREMENTS BEEN FOLLOWED?,0,Installation,Correction accepted by supervisor,2025-12-10 11:02:18.563,Safety,SAFETY,Y,NO,2025-12,STC safety measures not followed
RIYADH,2512000178,WORKER NOT HOLDING STC ID BADGE,0,WORKER,Rejected deviation approved by supervisor,2025-11-27 07:02:37.083,WORKER REGISTERATION,CIVIL,N,NO,2025-11,Worker missing STC ID badge
RIYADH,2512000178,UNREGISTERED WORKER,0,WORKER,Rejected deviation approved by supervisor,2025-11-27 07:02:39.383,WORKER REGISTERATION,CIVIL,N,NO,2025-11,Unregistered worker
RIYADH,2512000178,WORKER NOT HOLDING STC ID BADGE,0,WORKER,Rejected deviation approved by supervisor,2025-11-27 07:02:40.363,WORKER REGISTERATION,CIVIL,N,NO,2025-11,Worker missing STC ID badge
RIYADH,2512000178,UNREGISTERED WORKER,0,WORKER,Rejected deviation approved by supervisor,2025-11-27 07:02:42.640,WORKER REGISTERATION,CIVIL,N,NO,2025-11,Unregistered worker
RIYADH,2512000178,WORKER NOT HOLDING STC ID BADGE,0,WORKER,Rejected deviation approved by supervisor,2025-11-27 07:03:45.893,WORKER REGISTERATION,CIVIL,N,NO,2025-11,Worker missing STC ID badge
RIYADH,2512000178,UNREGISTERED WORKER,0,WORKER,Rejected deviation approved by supervisor,2025-11-27 07:03:48.813,WORKER REGISTERATION,CIVIL,N,NO,2025-11,Unregistered worker
RIYADH,2512000178,WORKER NOT HOLDING STC ID BADGE,0,WORKER,Rejected deviation approved by supervisor,2025-11-27 07:04:29.820,WORKER REGISTERATION,CIVIL,N,NO,2025-11,Worker missing STC ID badge
RIYADH,2512000178,UNREGISTERED WORKER,0,WORKER,Rejected deviation approved by supervisor,2025-11-27 07:04:32.670,WORKER REGISTERATION,CIVIL,N,NO,2025-11,Unregistered worker
RIYADH,2512000178,WORKER NOT HOLDING STC ID BADGE,0,WORKER,Rejected deviation approved by supervisor,2025-11-27 07:05:33.580,WORKER REGISTERATION,CIVIL,N,NO,2025-11,Worker missing STC ID badge
RIYADH,2512000178,UNREGISTERED WORKER,0,WORKER,Rejected deviation approved by supervisor,2025-11-27 07:05:36.087,WORKER REGISTERATION,CIVIL,N,NO,2025-11,Unregistered worker
RIYADH,2512000178,WORKER NOT HOLDING STC ID BADGE,0,WORKER,Rejected deviation approved by supervisor,2025-11-27 07:06:21.650,WORKER REGISTERATION,CIVIL,N,NO,2025-11,Worker missing STC ID badge
RIYADH,2512000178,UNREGISTERED WORKER,0,WORKER,Rejected deviation approved by supervisor,2025-11-27 07:06:23.840,WORKER REGISTERATION,CIVIL,N,NO,2025-11,Unregistered worker
RIYADH,2512000178,Are stc existing NW infrastructure drawings available on site and marked on the ground according to stc specifications (e.g. distance from wall)?,0,Pre-survey,Rejected deviation approved by supervisor,2025-11-27 07:12:03.097,Pre-survey,PRESURVEY,N,YES,2025-11,Are stc existing NW infrastructure drawings available on site and marked on the groun
RIYADH,2512000178,IS THE TRENCH ROUTE STRAIGHT?,72,Trenching/bore,Correction accepted by supervisor,2025-11-27 07:31:24.400,CIVIL,CIVIL,N,NO,2025-11,Trench route not straight
RIYADH,2512000178,PEDESTRIAN PASSES PLACED EVERY 100M IN FRONT OF CUSTOMER HOUSES AS REQUIRED,0,SAFETY,Closed Deviation With Penalty Approved by HQPM,2025-11-30 07:04:42.437,INSTALLATION,SAFETY,N,NO,2025-11,Pedestrian passes not placed every 100m
RIYADH,2512000178,STAND ALONE POWER SOURCE,0,SAFETY,Closed Deviation With Penalty Approved by HQPM,2025-11-30 07:04:43.200,INSTALLATION,SAFETY,N,NO,2025-11,STAND ALONE POWER SOURCE
RIYADH,2512000178,HAVE ALL STC SAFETY MEASUREMENTS BEEN FOLLOWED?,0,Installation,Closed Deviation With Penalty Approved by HQPM,2025-11-30 07:04:45.467,Safety,SAFETY,N,NO,2025-11,STC safety measures not followed
RIYADH,2512000178,NUMBER OF SIGNBOARDS AVAILABLE IN THE SITE ARE SUFFICIENT?,72,Installation,Closed Deviation With Penalty Approved by HQPM,2025-11-30 07:18:39.037,Safety,CIVIL,N,NO,2025-11,Insufficient site signboards
RIYADH,2512000178,NO DEBRIS IS REMAINING ON THE SITE?,48,Installation,Closed Deviation With Penalty Approved by HQPM,2025-11-30 07:18:40.200,CIVIL,CIVIL,N,NO,2025-11,No debris remaining on site
RIYADH,2512000178,HAS THE TRENCH BEEN CLOSED WITHIN 24 HOURS OF OPENING?,72,Installation,Closed Deviation With Penalty Approved by HQPM,2025-11-30 07:18:44.090,Safety,CIVIL,N,NO,2025-11,Trench not closed within 24 hours
RIYADH,2512000178,IS THE TRENCH ROUTE STRAIGHT?,72,Trenching/bore,Closed Deviation With Penalty Approved by HQPM,2025-11-30 07:18:45.063,CIVIL,CIVIL,N,NO,2025-11,Trench route not straight
RIYADH,2512000178,CONTRACTOR MARKED THE TRENCH PATH AS PER THE DESIGN BEFORE START TRENCHING ?,0,Trenching/bore,Closed Deviation With Penalty Approved by HQPM,2025-11-30 07:18:45.873,CIVIL,CIVIL,N,NO,2025-11,CONTRACTOR MARKED THE TRENCH PATH AS PER THE DESIGN BEFORE START TRENCHING ?
RIYADH,2512000178,THE TRENCH WIDTH IS AS PER DESIGN SPECIFICATIONS AND MEETS STC REQUIREMENTS?,72,Trenching/bore,Closed Deviation With Penalty Approved by HQPM,2025-11-30 07:18:46.717,Standards,CIVIL,N,NO,2025-11,THE TRENCH WIDTH IS AS PER DESIGN SPECIFICATIONS AND MEETS STC REQUIREMENTS?
RIYADH,2512000178,ALL REQUIRED WORKER UNIFORM AND SAFETY ITEMS ARE PRESENT?,48,Installation,Correction accepted by supervisor,2025-11-30 07:47:21.303,Safety,SAFETY,Y,NO,2025-11,Worker PPE/uniform items missing
RIYADH,2512000178,WORKER NOT HOLDING STC ID BADGE,0,WORKER,Rejected deviation approved by supervisor,2025-12-02 07:57:59.533,WORKER REGISTERATION,CIVIL,N,NO,2025-12,Worker missing STC ID badge
RIYADH,2512000178,UNREGISTERED WORKER,0,WORKER,Rejected deviation approved by supervisor,2025-12-02 07:58:01.360,WORKER REGISTERATION,CIVIL,N,NO,2025-12,Unregistered worker
RIYADH,2512000178,WORKER NOT HOLDING STC ID BADGE,0,WORKER,Rejected deviation approved by supervisor,2025-12-02 07:58:32.327,WORKER REGISTERATION,CIVIL,N,NO,2025-12,Worker missing STC ID badge
RIYADH,2512000178,UNREGISTERED WORKER,0,WORKER,Rejected deviation approved by supervisor,2025-12-02 07:58:34.090,WORKER REGISTERATION,CIVIL,N,NO,2025-12,Unregistered worker
RIYADH,2512000178,WORKER NOT HOLDING STC ID BADGE,0,WORKER,Rejected deviation approved by supervisor,2025-12-02 07:59:15.720,WORKER REGISTERATION,CIVIL,N,NO,2025-12,Worker missing STC ID badge
RIYADH,2512000178,UNREGISTERED WORKER,0,WORKER,Rejected deviation approved by supervisor,2025-12-02 07:59:17.460,WORKER REGISTERATION,CIVIL,N,NO,2025-12,Unregistered worker
RIYADH,2512000178,IS THE TRENCH ROUTE STRAIGHT?,72,Trenching/bore,Rejected deviation approved by supervisor,2025-12-02 08:17:17.310,CIVIL,CIVIL,N,NO,2025-12,Trench route not straight
RIYADH,2512000178,WORKER NOT HOLDING STC ID BADGE,0,WORKER,Rejected deviation approved by supervisor,2025-12-03 07:38:39.090,WORKER REGISTERATION,CIVIL,N,NO,2025-12,Worker missing STC ID badge
RIYADH,2512000178,UNREGISTERED WORKER,0,WORKER,Rejected deviation approved by supervisor,2025-12-03 07:38:45.680,WORKER REGISTERATION,CIVIL,N,NO,2025-12,Unregistered worker
RIYADH,2512000178,PEDESTRIAN PASSES PLACED EVERY 100M IN FRONT OF CUSTOMER HOUSES AS REQUIRED,0,SAFETY,Correction accepted by supervisor,2025-12-03 07:43:55.980,INSTALLATION,SAFETY,Y,NO,2025-12,Pedestrian passes not placed every 100m
RIYADH,2512000178,ALL REQUIRED WORKER UNIFORM AND SAFETY ITEMS ARE PRESENT?,48,Installation,Correction accepted by supervisor,2025-12-03 07:43:59.853,Safety,SAFETY,N,NO,2025-12,Worker PPE/uniform items missing
RIYADH,2512000178,IS THE TRENCH ROUTE STRAIGHT?,72,Trenching/bore,Correction accepted by supervisor,2025-12-03 07:47:15.767,CIVIL,CIVIL,Y,NO,2025-12,Trench route not straight
RIYADH,2512000178,UNCERTIFIED WORKER,0,WORKER,Rejected deviation approved by supervisor,2025-12-04 08:18:43.400,WORKER REGISTERATION,CIVIL,N,NO,2025-12,Uncertified worker
RIYADH,2512000178,UNCERTIFIED WORKER,0,WORKER,Rejected deviation approved by supervisor,2025-12-04 08:18:47.610,WORKER REGISTERATION,CIVIL,N,NO,2025-12,Uncertified worker
RIYADH,2512000178,ALL REQUIRED WORKER UNIFORM AND SAFETY ITEMS ARE PRESENT?,48,Installation,Correction accepted by supervisor,2025-12-04 08:22:00.090,Safety,SAFETY,N,NO,2025-12,Worker PPE/uniform items missing
RIYADH,2512000178,WORKER NOT HOLDING STC ID BADGE,0,WORKER,Rejected deviation approved by supervisor,2025-12-07 08:13:22.463,WORKER REGISTERATION,CIVIL,N,NO,2025-12,Worker missing STC ID badge
RIYADH,2512000178,UNREGISTERED WORKER,0,WORKER,Rejected deviation approved by supervisor,2025-12-07 08:13:29.013,WORKER REGISTERATION,CIVIL,N,NO,2025-12,Unregistered worker
RIYADH,2512000178,WORKER NOT HOLDING STC ID BADGE,0,WORKER,Rejected deviation approved by supervisor,2025-12-07 08:13:30.537,WORKER REGISTERATION,CIVIL,N,NO,2025-12,Worker missing STC ID badge
RIYADH,2512000178,UNREGISTERED WORKER,0,WORKER,Rejected deviation approved by supervisor,2025-12-07 08:13:36.677,WORKER REGISTERATION,CIVIL,N,NO,2025-12,Unregistered worker
RIYADH,2512000178,WORKER NOT HOLDING STC ID BADGE,0,WORKER,Rejected deviation approved by supervisor,2025-12-07 08:14:30.323,WORKER REGISTERATION,CIVIL,N,NO,2025-12,Worker missing STC ID badge
RIYADH,2512000178,UNREGISTERED WORKER,0,WORKER,Rejected deviation approved by supervisor,2025-12-07 08:14:33.177,WORKER REGISTERATION,CIVIL,N,NO,2025-12,Unregistered worker
RIYADH,2512000178,WORKER NOT HOLDING STC ID BADGE,0,WORKER,Rejected deviation approved by supervisor,2025-12-07 08:15:12.357,WORKER REGISTERATION,CIVIL,N,NO,2025-12,Worker missing STC ID badge
RIYADH,2512000178,UNREGISTERED WORKER,0,WORKER,Rejected deviation approved by supervisor,2025-12-07 08:15:15.727,WORKER REGISTERATION,CIVIL,N,NO,2025-12,Unregistered worker
RIYADH,2512000178,WORKER NOT HOLDING STC ID BADGE,0,WORKER,Rejected deviation approved by supervisor,2025-12-07 08:16:00.043,WORKER REGISTERATION,CIVIL,N,NO,2025-12,Worker missing STC ID badge
RIYADH,2512000178,UNREGISTERED WORKER,0,WORKER,Rejected deviation approved by supervisor,2025-12-07 08:16:03.507,WORKER REGISTERATION,CIVIL,N,NO,2025-12,Unregistered worker
RIYADH,2512000178,PEDESTRIAN PASSES PLACED EVERY 100M IN FRONT OF CUSTOMER HOUSES AS REQUIRED,0,SAFETY,Correction accepted by supervisor,2025-12-07 08:25:41.330,INSTALLATION,SAFETY,Y,NO,2025-12,Pedestrian passes not placed every 100m
RIYADH,2512000178,HAVE ALL STC SAFETY MEASUREMENTS BEEN FOLLOWED?,0,Installation,Correction accepted by supervisor,2025-12-07 08:25:44.337,Safety,SAFETY,Y,NO,2025-12,STC safety measures not followed
RIYADH,2512000178,ALL REQUIRED WORKER UNIFORM AND SAFETY ITEMS ARE PRESENT?,48,Installation,Correction accepted by supervisor,2025-12-07 08:25:46.147,Safety,SAFETY,N,NO,2025-12,Worker PPE/uniform items missing
RIYADH,2512000178,NUMBER OF SIGNBOARDS AVAILABLE IN THE SITE ARE SUFFICIENT?,72,Installation,Correction accepted by supervisor,2025-12-07 08:39:10.863,Safety,CIVIL,Y,NO,2025-12,Insufficient site signboards
RIYADH,2512000178,IS THE TRENCH ROUTE STRAIGHT?,72,Trenching/bore,Correction accepted by supervisor,2025-12-07 08:39:18.943,CIVIL,CIVIL,Y,NO,2025-12,Trench route not straight
RIYADH,2512000178,PEDESTRIAN PASSES PLACED EVERY 100M IN FRONT OF CUSTOMER HOUSES AS REQUIRED,0,SAFETY,Correction accepted by supervisor,2025-12-09 08:37:19.210,INSTALLATION,SAFETY,Y,NO,2025-12,Pedestrian passes not placed every 100m
RIYADH,2512000178,DID THE CONTRACTOR FIX ANY DAMAGED UTILITIES WITHIN 24 HOURS?,24,Trenching/bore,Correction accepted by supervisor,2025-12-10 07:20:31.570,CIVIL,CIVIL,N,NO,2025-12,DID THE CONTRACTOR FIX ANY DAMAGED UTILITIES WITHIN 24 HOURS?
RIYADH,2512000178,NO DEBRIS IS REMAINING ON THE SITE?,48,Installation,Closed Deviation With Penalty Approved by HQPM,2025-12-10 07:35:04.280,CIVIL,CIVIL,N,NO,2025-12,No debris remaining on site
RIYADH,2512000178,HAVE ALL STC SAFETY MEASUREMENTS BEEN FOLLOWED?,0,Installation,Correction accepted by supervisor,2025-12-10 07:36:28.557,Safety,SAFETY,Y,NO,2025-12,STC safety measures not followed
RIYADH,2512000178,PEDESTRIAN PASSES PLACED EVERY 100M IN FRONT OF CUSTOMER HOUSES AS REQUIRED,0,SAFETY,Correction accepted by supervisor,2025-12-10 07:37:23.660,INSTALLATION,SAFETY,Y,NO,2025-12,Pedestrian passes not placed every 100m
RIYADH,2512000178,UNCERTIFIED WORKER,0,WORKER,Rejected deviation approved by supervisor,2025-12-14 08:49:37.563,WORKER REGISTERATION,CIVIL,N,NO,2025-12,Uncertified worker
RIYADH,2512000178,UNCERTIFIED WORKER,0,WORKER,Rejected deviation approved by supervisor,2025-12-14 08:49:37.563,WORKER REGISTERATION,CIVIL,N,NO,2025-12,Uncertified worker
RIYADH,2512000178,UNCERTIFIED WORKER,0,WORKER,Rejected deviation approved by supervisor,2025-12-17 07:35:32.847,WORKER REGISTERATION,CIVIL,N,NO,2025-12,Uncertified worker
RIYADH,2512000178,MUNICIPALITY PERMITS ARE VALID AND RENEWED AS REQUIRED?,0,Trenching/bore,Closed Deviation With Penalty Approved by HQPM,2025-12-17 07:41:12.937,CIVIL,CIVIL,N,NO,2025-12,Municipality permits not valid/renewed
RIYADH,2512000178,WORKER NOT HOLDING STC ID BADGE,0,WORKER,Rejected deviation approved by supervisor,2025-12-18 08:16:45.927,WORKER REGISTERATION,CIVIL,N,NO,2025-12,Worker missing STC ID badge
RIYADH,2512000178,WORKER NOT HOLDING STC ID BADGE,0,WORKER,Rejected deviation approved by supervisor,2025-12-18 08:16:48.383,WORKER REGISTERATION,CIVIL,N,NO,2025-12,Worker missing STC ID badge
RIYADH,2512000178,UNREGISTERED WORKER,0,WORKER,Rejected deviation approved by supervisor,2025-12-18 08:16:49.027,WORKER REGISTERATION,CIVIL,N,NO,2025-12,Unregistered worker
RIYADH,2512000178,UNREGISTERED WORKER,0,WORKER,Rejected deviation approved by supervisor,2025-12-18 08:16:52.203,WORKER REGISTERATION,CIVIL,N,NO,2025-12,Unregistered worker
RIYADH,2512000178,WORKER NOT HOLDING STC ID BADGE,0,WORKER,Rejected deviation approved by supervisor,2025-12-21 10:00:11.410,WORKER REGISTERATION,CIVIL,N,NO,2025-12,Worker missing STC ID badge
RIYADH,2512000178,UNREGISTERED WORKER,0,WORKER,Rejected deviation approved by supervisor,2025-12-21 10:00:18.763,WORKER REGISTERATION,CIVIL,N,NO,2025-12,Unregistered worker
RIYADH,2512000178,WORKER NOT HOLDING STC ID BADGE,0,WORKER,Rejected deviation approved by supervisor,2025-12-21 10:00:26.097,WORKER REGISTERATION,CIVIL,N,NO,2025-12,Worker missing STC ID badge
RIYADH,2512000178,WORKER NOT HOLDING STC ID BADGE,0,WORKER,Rejected deviation approved by supervisor,2025-12-21 10:00:27.097,WORKER REGISTERATION,CIVIL,N,NO,2025-12,Worker missing STC ID badge
RIYADH,2512000178,UNREGISTERED WORKER,0,WORKER,Rejected deviation approved by supervisor,2025-12-21 10:00:34.077,WORKER REGISTERATION,CIVIL,N,NO,2025-12,Unregistered worker
RIYADH,2512000178,UNREGISTERED WORKER,0,WORKER,Rejected deviation approved by supervisor,2025-12-21 10:00:37.973,WORKER REGISTERATION,CIVIL,N,NO,2025-12,Unregistered worker
RIYADH,2512000178,WORKER NOT HOLDING STC ID BADGE,0,WORKER,Rejected deviation approved by supervisor,2025-12-21 10:03:15.513,WORKER REGISTERATION,CIVIL,N,NO,2025-12,Worker missing STC ID badge
RIYADH,2512000178,UNREGISTERED WORKER,0,WORKER,Rejected deviation approved by supervisor,2025-12-21 10:03:24.770,WORKER REGISTERATION,CIVIL,N,NO,2025-12,Unregistered worker
RIYADH,2512000178,NO DEBRIS IS REMAINING ON THE SITE?,48,Installation,Closed Deviation With Penalty Approved by HQPM,2025-12-30 08:23:50.803,CIVIL,CIVIL,N,NO,2025-12,No debris remaining on site
RIYADH,2512000178,"ALL DAMAGE TO PROPERTY (TILES, CURBS, WALLS, ASPHALT) HAS BEEN REPAIRED TO ORIGINAL STATE OR AS PER CUSTOMER REQUEST AT WORK COMPLETION ?",72,Installation,Correction accepted by supervisor,2025-12-31 08:26:12.533,CIVIL,CIVIL,Y,NO,2025-12,Property damage not restored
RIYADH,2512000178,"ALL DAMAGE TO PROPERTY (TILES, CURBS, WALLS, ASPHALT) HAS BEEN REPAIRED TO ORIGINAL STATE OR AS PER CUSTOMER REQUEST AT WORK COMPLETION ?",72,Installation,Correction accepted by supervisor,2026-01-14 12:25:38.117,CIVIL,CIVIL,Y,NO,2026-01,Property damage not restored
RIYADH,2512000178,"ALL DAMAGE TO PROPERTY (TILES, CURBS, WALLS, ASPHALT) HAS BEEN REPAIRED TO ORIGINAL STATE OR AS PER CUSTOMER REQUEST AT WORK COMPLETION ?",72,Installation,Correction accepted by supervisor,2026-01-18 08:19:45.440,CIVIL,CIVIL,Y,NO,2026-01,Property damage not restored
RIYADH,2512000178,NO DEBRIS IS REMAINING ON THE SITE?,48,Installation,Correction accepted by supervisor,2026-01-19 09:59:58.127,CIVIL,CIVIL,Y,NO,2026-01,No debris remaining on site
RIYADH,2512000178,ALL INSTALLED PROTECTIVE U-GUARDS MEET STC SPECIFICATIONS?,72,Installation,Correction accepted by supervisor,2026-01-19 10:13:06.567,Standards,Fiber,Y,NO,2026-01,U-guards not meeting STC specs
RIYADH,2512000178,ALL INSTALLED PROTECTIVE U-GUARDS MEET STC SPECIFICATIONS?,72,Installation,Correction accepted by supervisor,2026-01-20 10:30:51.167,Standards,Fiber,Y,NO,2026-01,U-guards not meeting STC specs
RIYADH,2512000178,"ALL DAMAGE TO PROPERTY (TILES, CURBS, WALLS, ASPHALT) HAS BEEN REPAIRED TO ORIGINAL STATE OR AS PER CUSTOMER REQUEST AT WORK COMPLETION ?",72,Installation,Correction accepted by supervisor,2026-01-26 07:26:46.610,CIVIL,CIVIL,Y,NO,2026-01,Property damage not restored
RIYADH,2512000178,ALL INSTALLED PROTECTIVE U-GUARDS MEET STC SPECIFICATIONS?,72,Installation,Correction accepted by supervisor,2026-01-26 07:30:45.297,Standards,Fiber,Y,NO,2026-01,U-guards not meeting STC specs
RIYADH,2512000178,NO DEBRIS IS REMAINING ON THE SITE?,48,Installation,Correction accepted by supervisor,2026-01-28 12:36:19.680,CIVIL,CIVIL,Y,NO,2026-01,No debris remaining on site
RIYADH,2512000178,"ALL DAMAGE TO PROPERTY (TILES, CURBS, WALLS, ASPHALT) HAS BEEN REPAIRED TO ORIGINAL STATE OR AS PER CUSTOMER REQUEST AT WORK COMPLETION ?",72,Installation,Correction accepted by supervisor,2026-01-29 07:53:42.460,CIVIL,CIVIL,Y,NO,2026-01,Property damage not restored
RIYADH,2512000178,"ALL DAMAGE TO PROPERTY (TILES, CURBS, WALLS, ASPHALT) HAS BEEN REPAIRED TO ORIGINAL STATE OR AS PER CUSTOMER REQUEST AT WORK COMPLETION ?",72,Installation,Correction accepted by supervisor,2026-02-04 07:29:52.393,CIVIL,CIVIL,Y,NO,2026-02,Property damage not restored
RIYADH,2512000178,"ALL DAMAGE TO PROPERTY (TILES, CURBS, WALLS, ASPHALT) HAS BEEN REPAIRED TO ORIGINAL STATE OR AS PER CUSTOMER REQUEST AT WORK COMPLETION ?",72,Installation,Correction accepted by supervisor,2026-02-09 10:09:39.343,CIVIL,CIVIL,N,NO,2026-02,Property damage not restored
RIYADH,2512000178,ALL INSTALLED PROTECTIVE U-GUARDS MEET STC SPECIFICATIONS?,72,Installation,Correction accepted by supervisor,2026-02-12 09:25:07.210,Standards,Fiber,N,NO,2026-02,U-guards not meeting STC specs
RIYADH,2512000178,ALL INSTALLED PROTECTIVE U-GUARDS MEET STC SPECIFICATIONS?,72,Installation,Correction accepted by supervisor,2026-02-18 07:00:03.883,Standards,Fiber,Y,NO,2026-02,U-guards not meeting STC specs
RIYADH,2512000178,ALL INSTALLED PROTECTIVE U-GUARDS MEET STC SPECIFICATIONS?,72,Installation,Correction accepted by supervisor,2026-04-15 07:56:59.620,Standards,Fiber,Y,NO,2026-04,U-guards not meeting STC specs
RIYADH,2512000176,WORKER NOT HOLDING STC ID BADGE,0,WORKER,Closed by HQ,2025-11-04 09:07:02.947,WORKER REGISTERATION,CIVIL,N,NO,2025-11,Worker missing STC ID badge
RIYADH,2512000176,UNREGISTERED WORKER,0,WORKER,Closed by HQ,2025-11-04 09:07:08.850,WORKER REGISTERATION,CIVIL,N,NO,2025-11,Unregistered worker
RIYADH,2512000176,PEDESTRIAN PASSES PLACED EVERY 100M IN FRONT OF CUSTOMER HOUSES AS REQUIRED,0,SAFETY,Correction accepted by supervisor,2025-11-04 09:38:26.037,INSTALLATION,SAFETY,Y,NO,2025-11,Pedestrian passes not placed every 100m
RIYADH,2512000176,HAVE ALL STC SAFETY MEASUREMENTS BEEN FOLLOWED?,0,Installation,Correction accepted by supervisor,2025-11-04 09:38:30.873,Safety,SAFETY,Y,NO,2025-11,STC safety measures not followed
RIYADH,2512000176,NUMBER OF SIGNBOARDS AVAILABLE IN THE SITE ARE SUFFICIENT?,72,Installation,Correction accepted by supervisor,2025-11-04 10:04:54.787,Safety,CIVIL,Y,NO,2025-11,Insufficient site signboards
RIYADH,2512000176,"ALL DAMAGE TO PROPERTY (TILES, CURBS, WALLS, ASPHALT) HAS BEEN REPAIRED TO ORIGINAL STATE OR AS PER CUSTOMER REQUEST AT WORK COMPLETION ?",72,Installation,Correction accepted by supervisor,2025-11-04 10:04:59.323,CIVIL,CIVIL,Y,NO,2025-11,Property damage not restored
RIYADH,2512000176,"SIGNBOAD AS PER STC SPECIFICATION (DEMINSIONS, CLARITY, …ETC)?",0,Installation,Correction accepted by supervisor,2025-11-25 12:24:14.290,Safety,SAFETY,Y,NO,2025-11,"SIGNBOAD AS PER STC SPECIFICATION (DEMINSIONS, CLARITY, …ETC)?"
RIYADH,2512000176,HAVE ALL STC SAFETY MEASUREMENTS BEEN FOLLOWED?,0,Installation,Correction accepted by supervisor,2025-11-25 12:24:15.880,Safety,SAFETY,Y,NO,2025-11,STC safety measures not followed
RIYADH,2512000176,MUNICIPALITY PERMITS ARE VALID AND RENEWED AS REQUIRED?,0,Trenching/bore,Correction accepted by supervisor,2025-11-25 12:34:49.520,CIVIL,CIVIL,Y,NO,2025-11,Municipality permits not valid/renewed
RIYADH,2512000176,UNCERTIFIED WORKER,0,WORKER,Rejected deviation approved by supervisor,2026-04-14 09:28:15.573,WORKER REGISTERATION,CIVIL,N,NO,2026-04,Uncertified worker
RIYADH,2512000176,UNCERTIFIED WORKER,0,WORKER,Rejected deviation approved by supervisor,2026-04-14 09:28:15.787,WORKER REGISTERATION,CIVIL,N,NO,2026-04,Uncertified worker
RIYADH,2512000176,UNCERTIFIED WORKER,0,WORKER,Closed by HQ,2026-04-19 10:15:15.400,WORKER REGISTERATION,CIVIL,N,NO,2026-04,Uncertified worker
RIYADH,2512000176,UNCERTIFIED WORKER,0,WORKER,Closed by HQ,2026-04-28 09:25:20.197,WORKER REGISTERATION,CIVIL,N,NO,2026-04,Uncertified worker
RIYADH,2512000176,BADGE ID NOT CORRESPONDING TO WORKER,0,WORKER,Closed by HQ,2026-04-28 10:05:53.947,WORKER REGISTERATION,CIVIL,N,NO,2026-04,BADGE ID NOT CORRESPONDING TO WORKER
RIYADH,2512000176,UNCERTIFIED WORKER,0,WORKER,Closed by HQ,2026-04-29 07:52:35.320,WORKER REGISTERATION,CIVIL,N,NO,2026-04,Uncertified worker
RIYADH,2512000176,THE CONDUITS ARE INSTALLED PER STC SPECIFICATIONS?,72,Installation,Correction accepted by supervisor,2026-04-30 11:39:25.780,Ducts,CIVIL,N,NO,2026-04,THE CONDUITS ARE INSTALLED PER STC SPECIFICATIONS?
RIYADH,2512000176,THE INSTALLED HAND HOLE / MANHOLE  INCLUDES ALL REQUIRED ACCESSORIES?,72,Material,Correction accepted by supervisor,2026-04-30 11:47:32.880,Hand hole/Manhole,CIVIL,N,NO,2026-04,THE INSTALLED HAND HOLE / MANHOLE  INCLUDES ALL REQUIRED ACCESSORIES?
RIYADH,2512000176,UNCERTIFIED WORKER,0,WORKER,Rejected deviation approved by supervisor,2026-05-02 09:14:20.167,WORKER REGISTERATION,CIVIL,N,NO,2026-05,Uncertified worker
RIYADH,2512000176,UNCERTIFIED WORKER,0,WORKER,Rejected deviation approved by supervisor,2026-05-03 11:43:49.817,WORKER REGISTERATION,CIVIL,N,NO,2026-05,Uncertified worker
